"Gene","Cluster","Driving"
"ENSRNOG00000001199",1,"THC_O3_vs_THC"
"ENSRNOG00000001297",2,"THC_O3_vs_THC"
"ENSRNOG00000007720",1,"THC_O3_vs_THC"
"ENSRNOG00000010031",1,"THC_O3_vs_THC"
"ENSRNOG00000011647",1,"THC_O3_vs_THC"
"ENSRNOG00000014739",1,"THC_O3_vs_THC"
"ENSRNOG00000017306",1,"THC_O3_vs_THC"
"ENSRNOG00000017914",1,"THC_O3_vs_THC"
"ENSRNOG00000018045",1,"THC_O3_vs_THC"
"ENSRNOG00000025909",1,"THC_O3_vs_THC"
"ENSRNOG00000027770",2,"THC_O3_vs_THC"
"ENSRNOG00000029598",1,"THC_O3_vs_THC"
"ENSRNOG00000036802",3,"THC_O3_vs_THC"
"ENSRNOG00000037214",2,"THC_O3_vs_THC"
"ENSRNOG00000037688",2,"THC_O3_vs_THC"
"ENSRNOG00000056672",1,"THC_O3_vs_THC"
"ENSRNOG00000057389",1,"THC_O3_vs_THC"
"ENSRNOG00000000042",3,"THC_O3_vs_VEH"
"ENSRNOG00000000048",2,"THC_O3_vs_VEH"
"ENSRNOG00000000111",1,"THC_O3_vs_VEH"
"ENSRNOG00000000145",3,"THC_O3_vs_VEH"
"ENSRNOG00000000155",2,"THC_O3_vs_VEH"
"ENSRNOG00000000165",1,"THC_O3_vs_VEH"
"ENSRNOG00000000190",3,"THC_O3_vs_VEH"
"ENSRNOG00000000250",1,"THC_O3_vs_VEH"
"ENSRNOG00000000262",1,"THC_O3_vs_VEH"
"ENSRNOG00000000299",3,"THC_O3_vs_VEH"
"ENSRNOG00000000415",1,"THC_O3_vs_VEH"
"ENSRNOG00000000417",2,"THC_O3_vs_VEH"
"ENSRNOG00000000420",1,"THC_O3_vs_VEH"
"ENSRNOG00000000422",1,"THC_O3_vs_VEH"
"ENSRNOG00000000437",1,"THC_O3_vs_VEH"
"ENSRNOG00000000441",1,"THC_O3_vs_VEH"
"ENSRNOG00000000451",1,"THC_O3_vs_VEH"
"ENSRNOG00000000473",1,"THC_O3_vs_VEH"
"ENSRNOG00000000517",2,"THC_O3_vs_VEH"
"ENSRNOG00000000579",1,"THC_O3_vs_VEH"
"ENSRNOG00000000587",1,"THC_O3_vs_VEH"
"ENSRNOG00000000632",1,"THC_O3_vs_VEH"
"ENSRNOG00000000635",3,"THC_O3_vs_VEH"
"ENSRNOG00000000692",1,"THC_O3_vs_VEH"
"ENSRNOG00000000779",1,"THC_O3_vs_VEH"
"ENSRNOG00000000786",1,"THC_O3_vs_VEH"
"ENSRNOG00000000796",2,"THC_O3_vs_VEH"
"ENSRNOG00000000804",1,"THC_O3_vs_VEH"
"ENSRNOG00000000847",1,"THC_O3_vs_VEH"
"ENSRNOG00000000848",1,"THC_O3_vs_VEH"
"ENSRNOG00000000926",1,"THC_O3_vs_VEH"
"ENSRNOG00000000942",3,"THC_O3_vs_VEH"
"ENSRNOG00000000983",1,"THC_O3_vs_VEH"
"ENSRNOG00000000988",1,"THC_O3_vs_VEH"
"ENSRNOG00000000989",1,"THC_O3_vs_VEH"
"ENSRNOG00000000990",1,"THC_O3_vs_VEH"
"ENSRNOG00000001005",1,"THC_O3_vs_VEH"
"ENSRNOG00000001009",1,"THC_O3_vs_VEH"
"ENSRNOG00000001052",3,"THC_O3_vs_VEH"
"ENSRNOG00000001064",2,"THC_O3_vs_VEH"
"ENSRNOG00000001080",1,"THC_O3_vs_VEH"
"ENSRNOG00000001107",2,"THC_O3_vs_VEH"
"ENSRNOG00000001117",3,"THC_O3_vs_VEH"
"ENSRNOG00000001182",1,"THC_O3_vs_VEH"
"ENSRNOG00000001192",1,"THC_O3_vs_VEH"
"ENSRNOG00000001215",1,"THC_O3_vs_VEH"
"ENSRNOG00000001225",1,"THC_O3_vs_VEH"
"ENSRNOG00000001252",1,"THC_O3_vs_VEH"
"ENSRNOG00000001272",2,"THC_O3_vs_VEH"
"ENSRNOG00000001410",3,"THC_O3_vs_VEH"
"ENSRNOG00000001415",1,"THC_O3_vs_VEH"
"ENSRNOG00000001418",1,"THC_O3_vs_VEH"
"ENSRNOG00000001420",1,"THC_O3_vs_VEH"
"ENSRNOG00000001424",2,"THC_O3_vs_VEH"
"ENSRNOG00000001440",1,"THC_O3_vs_VEH"
"ENSRNOG00000001441",1,"THC_O3_vs_VEH"
"ENSRNOG00000001450",1,"THC_O3_vs_VEH"
"ENSRNOG00000001482",2,"THC_O3_vs_VEH"
"ENSRNOG00000001484",3,"THC_O3_vs_VEH"
"ENSRNOG00000001551",1,"THC_O3_vs_VEH"
"ENSRNOG00000001582",3,"THC_O3_vs_VEH"
"ENSRNOG00000001621",3,"THC_O3_vs_VEH"
"ENSRNOG00000001632",2,"THC_O3_vs_VEH"
"ENSRNOG00000001642",2,"THC_O3_vs_VEH"
"ENSRNOG00000001643",1,"THC_O3_vs_VEH"
"ENSRNOG00000001682",3,"THC_O3_vs_VEH"
"ENSRNOG00000001686",3,"THC_O3_vs_VEH"
"ENSRNOG00000001738",3,"THC_O3_vs_VEH"
"ENSRNOG00000001747",3,"THC_O3_vs_VEH"
"ENSRNOG00000001766",3,"THC_O3_vs_VEH"
"ENSRNOG00000001767",3,"THC_O3_vs_VEH"
"ENSRNOG00000001774",3,"THC_O3_vs_VEH"
"ENSRNOG00000001785",1,"THC_O3_vs_VEH"
"ENSRNOG00000001793",3,"THC_O3_vs_VEH"
"ENSRNOG00000001804",3,"THC_O3_vs_VEH"
"ENSRNOG00000001813",2,"THC_O3_vs_VEH"
"ENSRNOG00000001849",2,"THC_O3_vs_VEH"
"ENSRNOG00000001868",2,"THC_O3_vs_VEH"
"ENSRNOG00000001880",1,"THC_O3_vs_VEH"
"ENSRNOG00000001885",2,"THC_O3_vs_VEH"
"ENSRNOG00000001956",3,"THC_O3_vs_VEH"
"ENSRNOG00000001992",2,"THC_O3_vs_VEH"
"ENSRNOG00000002021",2,"THC_O3_vs_VEH"
"ENSRNOG00000002036",2,"THC_O3_vs_VEH"
"ENSRNOG00000002050",1,"THC_O3_vs_VEH"
"ENSRNOG00000002051",2,"THC_O3_vs_VEH"
"ENSRNOG00000002080",2,"THC_O3_vs_VEH"
"ENSRNOG00000002091",2,"THC_O3_vs_VEH"
"ENSRNOG00000002101",2,"THC_O3_vs_VEH"
"ENSRNOG00000002115",1,"THC_O3_vs_VEH"
"ENSRNOG00000002186",1,"THC_O3_vs_VEH"
"ENSRNOG00000002246",2,"THC_O3_vs_VEH"
"ENSRNOG00000002254",2,"THC_O3_vs_VEH"
"ENSRNOG00000002276",3,"THC_O3_vs_VEH"
"ENSRNOG00000002294",3,"THC_O3_vs_VEH"
"ENSRNOG00000002312",3,"THC_O3_vs_VEH"
"ENSRNOG00000002332",2,"THC_O3_vs_VEH"
"ENSRNOG00000002376",3,"THC_O3_vs_VEH"
"ENSRNOG00000002393",2,"THC_O3_vs_VEH"
"ENSRNOG00000002403",3,"THC_O3_vs_VEH"
"ENSRNOG00000002408",3,"THC_O3_vs_VEH"
"ENSRNOG00000002443",3,"THC_O3_vs_VEH"
"ENSRNOG00000002450",1,"THC_O3_vs_VEH"
"ENSRNOG00000002473",2,"THC_O3_vs_VEH"
"ENSRNOG00000002537",3,"THC_O3_vs_VEH"
"ENSRNOG00000002556",2,"THC_O3_vs_VEH"
"ENSRNOG00000002568",1,"THC_O3_vs_VEH"
"ENSRNOG00000002693",1,"THC_O3_vs_VEH"
"ENSRNOG00000002705",2,"THC_O3_vs_VEH"
"ENSRNOG00000002710",2,"THC_O3_vs_VEH"
"ENSRNOG00000002735",2,"THC_O3_vs_VEH"
"ENSRNOG00000002736",2,"THC_O3_vs_VEH"
"ENSRNOG00000002824",3,"THC_O3_vs_VEH"
"ENSRNOG00000002862",3,"THC_O3_vs_VEH"
"ENSRNOG00000002871",2,"THC_O3_vs_VEH"
"ENSRNOG00000002895",1,"THC_O3_vs_VEH"
"ENSRNOG00000002912",2,"THC_O3_vs_VEH"
"ENSRNOG00000002928",1,"THC_O3_vs_VEH"
"ENSRNOG00000002948",2,"THC_O3_vs_VEH"
"ENSRNOG00000002991",2,"THC_O3_vs_VEH"
"ENSRNOG00000003011",1,"THC_O3_vs_VEH"
"ENSRNOG00000003038",2,"THC_O3_vs_VEH"
"ENSRNOG00000003134",3,"THC_O3_vs_VEH"
"ENSRNOG00000003189",1,"THC_O3_vs_VEH"
"ENSRNOG00000003300",1,"THC_O3_vs_VEH"
"ENSRNOG00000003310",2,"THC_O3_vs_VEH"
"ENSRNOG00000003399",2,"THC_O3_vs_VEH"
"ENSRNOG00000003407",2,"THC_O3_vs_VEH"
"ENSRNOG00000003434",3,"THC_O3_vs_VEH"
"ENSRNOG00000003495",2,"THC_O3_vs_VEH"
"ENSRNOG00000003520",1,"THC_O3_vs_VEH"
"ENSRNOG00000003541",2,"THC_O3_vs_VEH"
"ENSRNOG00000003554",2,"THC_O3_vs_VEH"
"ENSRNOG00000003576",3,"THC_O3_vs_VEH"
"ENSRNOG00000003626",1,"THC_O3_vs_VEH"
"ENSRNOG00000003699",1,"THC_O3_vs_VEH"
"ENSRNOG00000003724",1,"THC_O3_vs_VEH"
"ENSRNOG00000003772",1,"THC_O3_vs_VEH"
"ENSRNOG00000003773",1,"THC_O3_vs_VEH"
"ENSRNOG00000003794",1,"THC_O3_vs_VEH"
"ENSRNOG00000003795",2,"THC_O3_vs_VEH"
"ENSRNOG00000003797",1,"THC_O3_vs_VEH"
"ENSRNOG00000003802",1,"THC_O3_vs_VEH"
"ENSRNOG00000003803",2,"THC_O3_vs_VEH"
"ENSRNOG00000003812",2,"THC_O3_vs_VEH"
"ENSRNOG00000003844",2,"THC_O3_vs_VEH"
"ENSRNOG00000003847",1,"THC_O3_vs_VEH"
"ENSRNOG00000003863",1,"THC_O3_vs_VEH"
"ENSRNOG00000003882",3,"THC_O3_vs_VEH"
"ENSRNOG00000003953",2,"THC_O3_vs_VEH"
"ENSRNOG00000003983",1,"THC_O3_vs_VEH"
"ENSRNOG00000003993",3,"THC_O3_vs_VEH"
"ENSRNOG00000004061",3,"THC_O3_vs_VEH"
"ENSRNOG00000004085",2,"THC_O3_vs_VEH"
"ENSRNOG00000004089",3,"THC_O3_vs_VEH"
"ENSRNOG00000004135",1,"THC_O3_vs_VEH"
"ENSRNOG00000004185",2,"THC_O3_vs_VEH"
"ENSRNOG00000004196",1,"THC_O3_vs_VEH"
"ENSRNOG00000004198",3,"THC_O3_vs_VEH"
"ENSRNOG00000004218",2,"THC_O3_vs_VEH"
"ENSRNOG00000004245",1,"THC_O3_vs_VEH"
"ENSRNOG00000004246",1,"THC_O3_vs_VEH"
"ENSRNOG00000004263",2,"THC_O3_vs_VEH"
"ENSRNOG00000004300",2,"THC_O3_vs_VEH"
"ENSRNOG00000004305",3,"THC_O3_vs_VEH"
"ENSRNOG00000004387",1,"THC_O3_vs_VEH"
"ENSRNOG00000004415",2,"THC_O3_vs_VEH"
"ENSRNOG00000004423",3,"THC_O3_vs_VEH"
"ENSRNOG00000004426",1,"THC_O3_vs_VEH"
"ENSRNOG00000004458",3,"THC_O3_vs_VEH"
"ENSRNOG00000004471",1,"THC_O3_vs_VEH"
"ENSRNOG00000004500",1,"THC_O3_vs_VEH"
"ENSRNOG00000004519",2,"THC_O3_vs_VEH"
"ENSRNOG00000004521",2,"THC_O3_vs_VEH"
"ENSRNOG00000004608",1,"THC_O3_vs_VEH"
"ENSRNOG00000004621",2,"THC_O3_vs_VEH"
"ENSRNOG00000004657",3,"THC_O3_vs_VEH"
"ENSRNOG00000004681",1,"THC_O3_vs_VEH"
"ENSRNOG00000004696",3,"THC_O3_vs_VEH"
"ENSRNOG00000004709",2,"THC_O3_vs_VEH"
"ENSRNOG00000004723",1,"THC_O3_vs_VEH"
"ENSRNOG00000004735",2,"THC_O3_vs_VEH"
"ENSRNOG00000004741",1,"THC_O3_vs_VEH"
"ENSRNOG00000004753",3,"THC_O3_vs_VEH"
"ENSRNOG00000004806",3,"THC_O3_vs_VEH"
"ENSRNOG00000004814",1,"THC_O3_vs_VEH"
"ENSRNOG00000004831",2,"THC_O3_vs_VEH"
"ENSRNOG00000004904",1,"THC_O3_vs_VEH"
"ENSRNOG00000004909",2,"THC_O3_vs_VEH"
"ENSRNOG00000004947",3,"THC_O3_vs_VEH"
"ENSRNOG00000004978",3,"THC_O3_vs_VEH"
"ENSRNOG00000005033",1,"THC_O3_vs_VEH"
"ENSRNOG00000005043",3,"THC_O3_vs_VEH"
"ENSRNOG00000005070",3,"THC_O3_vs_VEH"
"ENSRNOG00000005135",3,"THC_O3_vs_VEH"
"ENSRNOG00000005165",3,"THC_O3_vs_VEH"
"ENSRNOG00000005184",1,"THC_O3_vs_VEH"
"ENSRNOG00000005191",2,"THC_O3_vs_VEH"
"ENSRNOG00000005260",2,"THC_O3_vs_VEH"
"ENSRNOG00000005276",2,"THC_O3_vs_VEH"
"ENSRNOG00000005289",3,"THC_O3_vs_VEH"
"ENSRNOG00000005292",2,"THC_O3_vs_VEH"
"ENSRNOG00000005374",1,"THC_O3_vs_VEH"
"ENSRNOG00000005377",1,"THC_O3_vs_VEH"
"ENSRNOG00000005470",2,"THC_O3_vs_VEH"
"ENSRNOG00000005472",3,"THC_O3_vs_VEH"
"ENSRNOG00000005486",3,"THC_O3_vs_VEH"
"ENSRNOG00000005512",1,"THC_O3_vs_VEH"
"ENSRNOG00000005528",2,"THC_O3_vs_VEH"
"ENSRNOG00000005556",1,"THC_O3_vs_VEH"
"ENSRNOG00000005606",2,"THC_O3_vs_VEH"
"ENSRNOG00000005668",1,"THC_O3_vs_VEH"
"ENSRNOG00000005724",1,"THC_O3_vs_VEH"
"ENSRNOG00000005765",1,"THC_O3_vs_VEH"
"ENSRNOG00000005783",3,"THC_O3_vs_VEH"
"ENSRNOG00000005877",2,"THC_O3_vs_VEH"
"ENSRNOG00000005904",2,"THC_O3_vs_VEH"
"ENSRNOG00000005923",2,"THC_O3_vs_VEH"
"ENSRNOG00000005933",3,"THC_O3_vs_VEH"
"ENSRNOG00000005988",1,"THC_O3_vs_VEH"
"ENSRNOG00000005996",3,"THC_O3_vs_VEH"
"ENSRNOG00000006004",1,"THC_O3_vs_VEH"
"ENSRNOG00000006028",2,"THC_O3_vs_VEH"
"ENSRNOG00000006069",2,"THC_O3_vs_VEH"
"ENSRNOG00000006087",2,"THC_O3_vs_VEH"
"ENSRNOG00000006112",3,"THC_O3_vs_VEH"
"ENSRNOG00000006178",3,"THC_O3_vs_VEH"
"ENSRNOG00000006185",3,"THC_O3_vs_VEH"
"ENSRNOG00000006241",2,"THC_O3_vs_VEH"
"ENSRNOG00000006244",1,"THC_O3_vs_VEH"
"ENSRNOG00000006283",1,"THC_O3_vs_VEH"
"ENSRNOG00000006298",2,"THC_O3_vs_VEH"
"ENSRNOG00000006306",1,"THC_O3_vs_VEH"
"ENSRNOG00000006334",3,"THC_O3_vs_VEH"
"ENSRNOG00000006338",3,"THC_O3_vs_VEH"
"ENSRNOG00000006378",3,"THC_O3_vs_VEH"
"ENSRNOG00000006444",1,"THC_O3_vs_VEH"
"ENSRNOG00000006500",1,"THC_O3_vs_VEH"
"ENSRNOG00000006515",2,"THC_O3_vs_VEH"
"ENSRNOG00000006559",2,"THC_O3_vs_VEH"
"ENSRNOG00000006628",3,"THC_O3_vs_VEH"
"ENSRNOG00000006644",2,"THC_O3_vs_VEH"
"ENSRNOG00000006718",3,"THC_O3_vs_VEH"
"ENSRNOG00000006796",2,"THC_O3_vs_VEH"
"ENSRNOG00000006816",2,"THC_O3_vs_VEH"
"ENSRNOG00000006830",3,"THC_O3_vs_VEH"
"ENSRNOG00000006832",2,"THC_O3_vs_VEH"
"ENSRNOG00000006870",2,"THC_O3_vs_VEH"
"ENSRNOG00000006893",3,"THC_O3_vs_VEH"
"ENSRNOG00000006905",2,"THC_O3_vs_VEH"
"ENSRNOG00000006913",1,"THC_O3_vs_VEH"
"ENSRNOG00000006921",3,"THC_O3_vs_VEH"
"ENSRNOG00000006952",3,"THC_O3_vs_VEH"
"ENSRNOG00000006967",3,"THC_O3_vs_VEH"
"ENSRNOG00000006976",1,"THC_O3_vs_VEH"
"ENSRNOG00000006980",2,"THC_O3_vs_VEH"
"ENSRNOG00000006987",3,"THC_O3_vs_VEH"
"ENSRNOG00000007040",1,"THC_O3_vs_VEH"
"ENSRNOG00000007044",3,"THC_O3_vs_VEH"
"ENSRNOG00000007054",3,"THC_O3_vs_VEH"
"ENSRNOG00000007088",2,"THC_O3_vs_VEH"
"ENSRNOG00000007099",2,"THC_O3_vs_VEH"
"ENSRNOG00000007104",3,"THC_O3_vs_VEH"
"ENSRNOG00000007115",3,"THC_O3_vs_VEH"
"ENSRNOG00000007174",1,"THC_O3_vs_VEH"
"ENSRNOG00000007175",2,"THC_O3_vs_VEH"
"ENSRNOG00000007213",1,"THC_O3_vs_VEH"
"ENSRNOG00000007224",3,"THC_O3_vs_VEH"
"ENSRNOG00000007235",1,"THC_O3_vs_VEH"
"ENSRNOG00000007241",2,"THC_O3_vs_VEH"
"ENSRNOG00000007242",3,"THC_O3_vs_VEH"
"ENSRNOG00000007246",3,"THC_O3_vs_VEH"
"ENSRNOG00000007304",2,"THC_O3_vs_VEH"
"ENSRNOG00000007315",3,"THC_O3_vs_VEH"
"ENSRNOG00000007440",3,"THC_O3_vs_VEH"
"ENSRNOG00000007518",2,"THC_O3_vs_VEH"
"ENSRNOG00000007548",2,"THC_O3_vs_VEH"
"ENSRNOG00000007583",3,"THC_O3_vs_VEH"
"ENSRNOG00000007648",1,"THC_O3_vs_VEH"
"ENSRNOG00000007678",2,"THC_O3_vs_VEH"
"ENSRNOG00000007756",1,"THC_O3_vs_VEH"
"ENSRNOG00000007766",1,"THC_O3_vs_VEH"
"ENSRNOG00000007784",1,"THC_O3_vs_VEH"
"ENSRNOG00000007792",2,"THC_O3_vs_VEH"
"ENSRNOG00000007806",1,"THC_O3_vs_VEH"
"ENSRNOG00000007827",1,"THC_O3_vs_VEH"
"ENSRNOG00000007831",2,"THC_O3_vs_VEH"
"ENSRNOG00000007842",1,"THC_O3_vs_VEH"
"ENSRNOG00000007845",1,"THC_O3_vs_VEH"
"ENSRNOG00000007849",1,"THC_O3_vs_VEH"
"ENSRNOG00000007883",1,"THC_O3_vs_VEH"
"ENSRNOG00000007900",1,"THC_O3_vs_VEH"
"ENSRNOG00000007920",1,"THC_O3_vs_VEH"
"ENSRNOG00000007956",3,"THC_O3_vs_VEH"
"ENSRNOG00000007964",3,"THC_O3_vs_VEH"
"ENSRNOG00000007975",3,"THC_O3_vs_VEH"
"ENSRNOG00000007984",3,"THC_O3_vs_VEH"
"ENSRNOG00000008036",3,"THC_O3_vs_VEH"
"ENSRNOG00000008039",2,"THC_O3_vs_VEH"
"ENSRNOG00000008049",1,"THC_O3_vs_VEH"
"ENSRNOG00000008051",2,"THC_O3_vs_VEH"
"ENSRNOG00000008212",1,"THC_O3_vs_VEH"
"ENSRNOG00000008274",2,"THC_O3_vs_VEH"
"ENSRNOG00000008296",1,"THC_O3_vs_VEH"
"ENSRNOG00000008298",2,"THC_O3_vs_VEH"
"ENSRNOG00000008301",1,"THC_O3_vs_VEH"
"ENSRNOG00000008331",3,"THC_O3_vs_VEH"
"ENSRNOG00000008354",3,"THC_O3_vs_VEH"
"ENSRNOG00000008378",1,"THC_O3_vs_VEH"
"ENSRNOG00000008382",3,"THC_O3_vs_VEH"
"ENSRNOG00000008424",2,"THC_O3_vs_VEH"
"ENSRNOG00000008455",2,"THC_O3_vs_VEH"
"ENSRNOG00000008459",1,"THC_O3_vs_VEH"
"ENSRNOG00000008471",3,"THC_O3_vs_VEH"
"ENSRNOG00000008510",3,"THC_O3_vs_VEH"
"ENSRNOG00000008553",3,"THC_O3_vs_VEH"
"ENSRNOG00000008555",1,"THC_O3_vs_VEH"
"ENSRNOG00000008569",1,"THC_O3_vs_VEH"
"ENSRNOG00000008598",2,"THC_O3_vs_VEH"
"ENSRNOG00000008605",1,"THC_O3_vs_VEH"
"ENSRNOG00000008607",2,"THC_O3_vs_VEH"
"ENSRNOG00000008616",3,"THC_O3_vs_VEH"
"ENSRNOG00000008652",3,"THC_O3_vs_VEH"
"ENSRNOG00000008733",1,"THC_O3_vs_VEH"
"ENSRNOG00000008734",2,"THC_O3_vs_VEH"
"ENSRNOG00000008749",3,"THC_O3_vs_VEH"
"ENSRNOG00000008869",3,"THC_O3_vs_VEH"
"ENSRNOG00000008880",3,"THC_O3_vs_VEH"
"ENSRNOG00000008891",1,"THC_O3_vs_VEH"
"ENSRNOG00000008912",2,"THC_O3_vs_VEH"
"ENSRNOG00000008924",2,"THC_O3_vs_VEH"
"ENSRNOG00000008981",2,"THC_O3_vs_VEH"
"ENSRNOG00000009028",1,"THC_O3_vs_VEH"
"ENSRNOG00000009039",2,"THC_O3_vs_VEH"
"ENSRNOG00000009045",2,"THC_O3_vs_VEH"
"ENSRNOG00000009110",2,"THC_O3_vs_VEH"
"ENSRNOG00000009134",1,"THC_O3_vs_VEH"
"ENSRNOG00000009139",2,"THC_O3_vs_VEH"
"ENSRNOG00000009183",1,"THC_O3_vs_VEH"
"ENSRNOG00000009253",3,"THC_O3_vs_VEH"
"ENSRNOG00000009274",2,"THC_O3_vs_VEH"
"ENSRNOG00000009280",1,"THC_O3_vs_VEH"
"ENSRNOG00000009291",2,"THC_O3_vs_VEH"
"ENSRNOG00000009300",3,"THC_O3_vs_VEH"
"ENSRNOG00000009371",3,"THC_O3_vs_VEH"
"ENSRNOG00000009381",2,"THC_O3_vs_VEH"
"ENSRNOG00000009403",3,"THC_O3_vs_VEH"
"ENSRNOG00000009431",3,"THC_O3_vs_VEH"
"ENSRNOG00000009470",3,"THC_O3_vs_VEH"
"ENSRNOG00000009474",2,"THC_O3_vs_VEH"
"ENSRNOG00000009478",3,"THC_O3_vs_VEH"
"ENSRNOG00000009536",1,"THC_O3_vs_VEH"
"ENSRNOG00000009549",2,"THC_O3_vs_VEH"
"ENSRNOG00000009609",2,"THC_O3_vs_VEH"
"ENSRNOG00000009636",1,"THC_O3_vs_VEH"
"ENSRNOG00000009663",1,"THC_O3_vs_VEH"
"ENSRNOG00000009673",2,"THC_O3_vs_VEH"
"ENSRNOG00000009736",1,"THC_O3_vs_VEH"
"ENSRNOG00000009760",1,"THC_O3_vs_VEH"
"ENSRNOG00000009785",1,"THC_O3_vs_VEH"
"ENSRNOG00000009805",3,"THC_O3_vs_VEH"
"ENSRNOG00000009823",1,"THC_O3_vs_VEH"
"ENSRNOG00000009851",2,"THC_O3_vs_VEH"
"ENSRNOG00000009856",2,"THC_O3_vs_VEH"
"ENSRNOG00000009878",1,"THC_O3_vs_VEH"
"ENSRNOG00000009891",2,"THC_O3_vs_VEH"
"ENSRNOG00000009894",3,"THC_O3_vs_VEH"
"ENSRNOG00000009936",2,"THC_O3_vs_VEH"
"ENSRNOG00000009957",3,"THC_O3_vs_VEH"
"ENSRNOG00000009960",1,"THC_O3_vs_VEH"
"ENSRNOG00000009987",2,"THC_O3_vs_VEH"
"ENSRNOG00000009995",3,"THC_O3_vs_VEH"
"ENSRNOG00000010005",2,"THC_O3_vs_VEH"
"ENSRNOG00000010007",1,"THC_O3_vs_VEH"
"ENSRNOG00000010028",1,"THC_O3_vs_VEH"
"ENSRNOG00000010064",3,"THC_O3_vs_VEH"
"ENSRNOG00000010067",1,"THC_O3_vs_VEH"
"ENSRNOG00000010105",1,"THC_O3_vs_VEH"
"ENSRNOG00000010119",3,"THC_O3_vs_VEH"
"ENSRNOG00000010125",2,"THC_O3_vs_VEH"
"ENSRNOG00000010155",2,"THC_O3_vs_VEH"
"ENSRNOG00000010180",1,"THC_O3_vs_VEH"
"ENSRNOG00000010194",1,"THC_O3_vs_VEH"
"ENSRNOG00000010209",1,"THC_O3_vs_VEH"
"ENSRNOG00000010217",3,"THC_O3_vs_VEH"
"ENSRNOG00000010234",2,"THC_O3_vs_VEH"
"ENSRNOG00000010235",1,"THC_O3_vs_VEH"
"ENSRNOG00000010240",3,"THC_O3_vs_VEH"
"ENSRNOG00000010299",2,"THC_O3_vs_VEH"
"ENSRNOG00000010344",3,"THC_O3_vs_VEH"
"ENSRNOG00000010379",2,"THC_O3_vs_VEH"
"ENSRNOG00000010420",1,"THC_O3_vs_VEH"
"ENSRNOG00000010479",2,"THC_O3_vs_VEH"
"ENSRNOG00000010489",2,"THC_O3_vs_VEH"
"ENSRNOG00000010496",2,"THC_O3_vs_VEH"
"ENSRNOG00000010533",2,"THC_O3_vs_VEH"
"ENSRNOG00000010536",3,"THC_O3_vs_VEH"
"ENSRNOG00000010540",1,"THC_O3_vs_VEH"
"ENSRNOG00000010591",2,"THC_O3_vs_VEH"
"ENSRNOG00000010650",3,"THC_O3_vs_VEH"
"ENSRNOG00000010682",3,"THC_O3_vs_VEH"
"ENSRNOG00000010727",1,"THC_O3_vs_VEH"
"ENSRNOG00000010732",1,"THC_O3_vs_VEH"
"ENSRNOG00000010758",3,"THC_O3_vs_VEH"
"ENSRNOG00000010761",1,"THC_O3_vs_VEH"
"ENSRNOG00000010768",2,"THC_O3_vs_VEH"
"ENSRNOG00000010819",3,"THC_O3_vs_VEH"
"ENSRNOG00000010827",3,"THC_O3_vs_VEH"
"ENSRNOG00000010843",2,"THC_O3_vs_VEH"
"ENSRNOG00000010895",2,"THC_O3_vs_VEH"
"ENSRNOG00000010910",1,"THC_O3_vs_VEH"
"ENSRNOG00000010912",1,"THC_O3_vs_VEH"
"ENSRNOG00000010919",2,"THC_O3_vs_VEH"
"ENSRNOG00000010996",3,"THC_O3_vs_VEH"
"ENSRNOG00000011009",3,"THC_O3_vs_VEH"
"ENSRNOG00000011058",2,"THC_O3_vs_VEH"
"ENSRNOG00000011059",3,"THC_O3_vs_VEH"
"ENSRNOG00000011063",3,"THC_O3_vs_VEH"
"ENSRNOG00000011066",2,"THC_O3_vs_VEH"
"ENSRNOG00000011073",2,"THC_O3_vs_VEH"
"ENSRNOG00000011093",1,"THC_O3_vs_VEH"
"ENSRNOG00000011104",1,"THC_O3_vs_VEH"
"ENSRNOG00000011124",2,"THC_O3_vs_VEH"
"ENSRNOG00000011137",3,"THC_O3_vs_VEH"
"ENSRNOG00000011138",1,"THC_O3_vs_VEH"
"ENSRNOG00000011157",2,"THC_O3_vs_VEH"
"ENSRNOG00000011162",1,"THC_O3_vs_VEH"
"ENSRNOG00000011207",1,"THC_O3_vs_VEH"
"ENSRNOG00000011214",1,"THC_O3_vs_VEH"
"ENSRNOG00000011222",1,"THC_O3_vs_VEH"
"ENSRNOG00000011238",3,"THC_O3_vs_VEH"
"ENSRNOG00000011253",1,"THC_O3_vs_VEH"
"ENSRNOG00000011263",1,"THC_O3_vs_VEH"
"ENSRNOG00000011279",1,"THC_O3_vs_VEH"
"ENSRNOG00000011339",2,"THC_O3_vs_VEH"
"ENSRNOG00000011341",3,"THC_O3_vs_VEH"
"ENSRNOG00000011358",3,"THC_O3_vs_VEH"
"ENSRNOG00000011383",1,"THC_O3_vs_VEH"
"ENSRNOG00000011391",2,"THC_O3_vs_VEH"
"ENSRNOG00000011431",2,"THC_O3_vs_VEH"
"ENSRNOG00000011455",3,"THC_O3_vs_VEH"
"ENSRNOG00000011463",1,"THC_O3_vs_VEH"
"ENSRNOG00000011470",2,"THC_O3_vs_VEH"
"ENSRNOG00000011483",1,"THC_O3_vs_VEH"
"ENSRNOG00000011491",2,"THC_O3_vs_VEH"
"ENSRNOG00000011494",1,"THC_O3_vs_VEH"
"ENSRNOG00000011540",1,"THC_O3_vs_VEH"
"ENSRNOG00000011613",2,"THC_O3_vs_VEH"
"ENSRNOG00000011617",1,"THC_O3_vs_VEH"
"ENSRNOG00000011625",3,"THC_O3_vs_VEH"
"ENSRNOG00000011639",1,"THC_O3_vs_VEH"
"ENSRNOG00000011669",1,"THC_O3_vs_VEH"
"ENSRNOG00000011684",1,"THC_O3_vs_VEH"
"ENSRNOG00000011732",1,"THC_O3_vs_VEH"
"ENSRNOG00000011817",1,"THC_O3_vs_VEH"
"ENSRNOG00000011829",2,"THC_O3_vs_VEH"
"ENSRNOG00000011854",3,"THC_O3_vs_VEH"
"ENSRNOG00000011857",2,"THC_O3_vs_VEH"
"ENSRNOG00000011865",1,"THC_O3_vs_VEH"
"ENSRNOG00000011884",2,"THC_O3_vs_VEH"
"ENSRNOG00000011885",3,"THC_O3_vs_VEH"
"ENSRNOG00000011933",1,"THC_O3_vs_VEH"
"ENSRNOG00000011953",2,"THC_O3_vs_VEH"
"ENSRNOG00000012002",2,"THC_O3_vs_VEH"
"ENSRNOG00000012091",1,"THC_O3_vs_VEH"
"ENSRNOG00000012151",3,"THC_O3_vs_VEH"
"ENSRNOG00000012155",1,"THC_O3_vs_VEH"
"ENSRNOG00000012213",1,"THC_O3_vs_VEH"
"ENSRNOG00000012314",1,"THC_O3_vs_VEH"
"ENSRNOG00000012322",1,"THC_O3_vs_VEH"
"ENSRNOG00000012368",1,"THC_O3_vs_VEH"
"ENSRNOG00000012386",3,"THC_O3_vs_VEH"
"ENSRNOG00000012424",3,"THC_O3_vs_VEH"
"ENSRNOG00000012503",2,"THC_O3_vs_VEH"
"ENSRNOG00000012546",2,"THC_O3_vs_VEH"
"ENSRNOG00000012584",1,"THC_O3_vs_VEH"
"ENSRNOG00000012644",2,"THC_O3_vs_VEH"
"ENSRNOG00000012697",1,"THC_O3_vs_VEH"
"ENSRNOG00000012722",1,"THC_O3_vs_VEH"
"ENSRNOG00000012734",1,"THC_O3_vs_VEH"
"ENSRNOG00000012736",1,"THC_O3_vs_VEH"
"ENSRNOG00000012778",1,"THC_O3_vs_VEH"
"ENSRNOG00000012798",2,"THC_O3_vs_VEH"
"ENSRNOG00000012812",1,"THC_O3_vs_VEH"
"ENSRNOG00000012940",2,"THC_O3_vs_VEH"
"ENSRNOG00000012985",1,"THC_O3_vs_VEH"
"ENSRNOG00000013045",3,"THC_O3_vs_VEH"
"ENSRNOG00000013055",2,"THC_O3_vs_VEH"
"ENSRNOG00000013089",3,"THC_O3_vs_VEH"
"ENSRNOG00000013110",1,"THC_O3_vs_VEH"
"ENSRNOG00000013118",1,"THC_O3_vs_VEH"
"ENSRNOG00000013140",3,"THC_O3_vs_VEH"
"ENSRNOG00000013252",1,"THC_O3_vs_VEH"
"ENSRNOG00000013254",1,"THC_O3_vs_VEH"
"ENSRNOG00000013255",1,"THC_O3_vs_VEH"
"ENSRNOG00000013271",2,"THC_O3_vs_VEH"
"ENSRNOG00000013281",3,"THC_O3_vs_VEH"
"ENSRNOG00000013314",3,"THC_O3_vs_VEH"
"ENSRNOG00000013383",1,"THC_O3_vs_VEH"
"ENSRNOG00000013386",1,"THC_O3_vs_VEH"
"ENSRNOG00000013397",3,"THC_O3_vs_VEH"
"ENSRNOG00000013422",2,"THC_O3_vs_VEH"
"ENSRNOG00000013443",2,"THC_O3_vs_VEH"
"ENSRNOG00000013460",3,"THC_O3_vs_VEH"
"ENSRNOG00000013491",2,"THC_O3_vs_VEH"
"ENSRNOG00000013545",1,"THC_O3_vs_VEH"
"ENSRNOG00000013602",2,"THC_O3_vs_VEH"
"ENSRNOG00000013624",2,"THC_O3_vs_VEH"
"ENSRNOG00000013714",1,"THC_O3_vs_VEH"
"ENSRNOG00000013718",2,"THC_O3_vs_VEH"
"ENSRNOG00000013763",2,"THC_O3_vs_VEH"
"ENSRNOG00000013802",3,"THC_O3_vs_VEH"
"ENSRNOG00000013837",2,"THC_O3_vs_VEH"
"ENSRNOG00000013844",3,"THC_O3_vs_VEH"
"ENSRNOG00000013865",2,"THC_O3_vs_VEH"
"ENSRNOG00000013874",1,"THC_O3_vs_VEH"
"ENSRNOG00000013920",3,"THC_O3_vs_VEH"
"ENSRNOG00000013954",1,"THC_O3_vs_VEH"
"ENSRNOG00000013956",2,"THC_O3_vs_VEH"
"ENSRNOG00000013963",3,"THC_O3_vs_VEH"
"ENSRNOG00000014007",3,"THC_O3_vs_VEH"
"ENSRNOG00000014008",1,"THC_O3_vs_VEH"
"ENSRNOG00000014050",1,"THC_O3_vs_VEH"
"ENSRNOG00000014130",1,"THC_O3_vs_VEH"
"ENSRNOG00000014179",1,"THC_O3_vs_VEH"
"ENSRNOG00000014180",3,"THC_O3_vs_VEH"
"ENSRNOG00000014209",2,"THC_O3_vs_VEH"
"ENSRNOG00000014214",1,"THC_O3_vs_VEH"
"ENSRNOG00000014234",2,"THC_O3_vs_VEH"
"ENSRNOG00000014252",1,"THC_O3_vs_VEH"
"ENSRNOG00000014272",1,"THC_O3_vs_VEH"
"ENSRNOG00000014316",2,"THC_O3_vs_VEH"
"ENSRNOG00000014317",1,"THC_O3_vs_VEH"
"ENSRNOG00000014352",1,"THC_O3_vs_VEH"
"ENSRNOG00000014434",2,"THC_O3_vs_VEH"
"ENSRNOG00000014436",2,"THC_O3_vs_VEH"
"ENSRNOG00000014482",2,"THC_O3_vs_VEH"
"ENSRNOG00000014483",2,"THC_O3_vs_VEH"
"ENSRNOG00000014501",2,"THC_O3_vs_VEH"
"ENSRNOG00000014511",3,"THC_O3_vs_VEH"
"ENSRNOG00000014520",1,"THC_O3_vs_VEH"
"ENSRNOG00000014521",2,"THC_O3_vs_VEH"
"ENSRNOG00000014568",1,"THC_O3_vs_VEH"
"ENSRNOG00000014581",1,"THC_O3_vs_VEH"
"ENSRNOG00000014605",3,"THC_O3_vs_VEH"
"ENSRNOG00000014618",1,"THC_O3_vs_VEH"
"ENSRNOG00000014659",1,"THC_O3_vs_VEH"
"ENSRNOG00000014664",2,"THC_O3_vs_VEH"
"ENSRNOG00000014675",2,"THC_O3_vs_VEH"
"ENSRNOG00000014750",3,"THC_O3_vs_VEH"
"ENSRNOG00000014768",3,"THC_O3_vs_VEH"
"ENSRNOG00000014791",2,"THC_O3_vs_VEH"
"ENSRNOG00000014834",2,"THC_O3_vs_VEH"
"ENSRNOG00000014836",2,"THC_O3_vs_VEH"
"ENSRNOG00000014844",3,"THC_O3_vs_VEH"
"ENSRNOG00000014866",2,"THC_O3_vs_VEH"
"ENSRNOG00000014966",1,"THC_O3_vs_VEH"
"ENSRNOG00000014975",3,"THC_O3_vs_VEH"
"ENSRNOG00000014980",1,"THC_O3_vs_VEH"
"ENSRNOG00000014992",2,"THC_O3_vs_VEH"
"ENSRNOG00000015124",2,"THC_O3_vs_VEH"
"ENSRNOG00000015133",3,"THC_O3_vs_VEH"
"ENSRNOG00000015205",1,"THC_O3_vs_VEH"
"ENSRNOG00000015231",1,"THC_O3_vs_VEH"
"ENSRNOG00000015277",1,"THC_O3_vs_VEH"
"ENSRNOG00000015288",2,"THC_O3_vs_VEH"
"ENSRNOG00000015294",1,"THC_O3_vs_VEH"
"ENSRNOG00000015301",2,"THC_O3_vs_VEH"
"ENSRNOG00000015339",2,"THC_O3_vs_VEH"
"ENSRNOG00000015440",2,"THC_O3_vs_VEH"
"ENSRNOG00000015501",3,"THC_O3_vs_VEH"
"ENSRNOG00000015523",1,"THC_O3_vs_VEH"
"ENSRNOG00000015534",2,"THC_O3_vs_VEH"
"ENSRNOG00000015560",2,"THC_O3_vs_VEH"
"ENSRNOG00000015619",3,"THC_O3_vs_VEH"
"ENSRNOG00000015703",1,"THC_O3_vs_VEH"
"ENSRNOG00000015813",2,"THC_O3_vs_VEH"
"ENSRNOG00000015844",1,"THC_O3_vs_VEH"
"ENSRNOG00000015888",3,"THC_O3_vs_VEH"
"ENSRNOG00000015936",1,"THC_O3_vs_VEH"
"ENSRNOG00000015967",1,"THC_O3_vs_VEH"
"ENSRNOG00000015980",2,"THC_O3_vs_VEH"
"ENSRNOG00000015986",2,"THC_O3_vs_VEH"
"ENSRNOG00000016029",3,"THC_O3_vs_VEH"
"ENSRNOG00000016033",1,"THC_O3_vs_VEH"
"ENSRNOG00000016047",2,"THC_O3_vs_VEH"
"ENSRNOG00000016119",3,"THC_O3_vs_VEH"
"ENSRNOG00000016166",1,"THC_O3_vs_VEH"
"ENSRNOG00000016181",3,"THC_O3_vs_VEH"
"ENSRNOG00000016212",2,"THC_O3_vs_VEH"
"ENSRNOG00000016229",2,"THC_O3_vs_VEH"
"ENSRNOG00000016272",1,"THC_O3_vs_VEH"
"ENSRNOG00000016298",2,"THC_O3_vs_VEH"
"ENSRNOG00000016303",3,"THC_O3_vs_VEH"
"ENSRNOG00000016327",1,"THC_O3_vs_VEH"
"ENSRNOG00000016384",3,"THC_O3_vs_VEH"
"ENSRNOG00000016387",1,"THC_O3_vs_VEH"
"ENSRNOG00000016392",1,"THC_O3_vs_VEH"
"ENSRNOG00000016399",1,"THC_O3_vs_VEH"
"ENSRNOG00000016411",1,"THC_O3_vs_VEH"
"ENSRNOG00000016420",1,"THC_O3_vs_VEH"
"ENSRNOG00000016427",2,"THC_O3_vs_VEH"
"ENSRNOG00000016462",2,"THC_O3_vs_VEH"
"ENSRNOG00000016507",1,"THC_O3_vs_VEH"
"ENSRNOG00000016525",1,"THC_O3_vs_VEH"
"ENSRNOG00000016565",1,"THC_O3_vs_VEH"
"ENSRNOG00000016585",2,"THC_O3_vs_VEH"
"ENSRNOG00000016611",1,"THC_O3_vs_VEH"
"ENSRNOG00000016629",2,"THC_O3_vs_VEH"
"ENSRNOG00000016660",1,"THC_O3_vs_VEH"
"ENSRNOG00000016679",3,"THC_O3_vs_VEH"
"ENSRNOG00000016680",2,"THC_O3_vs_VEH"
"ENSRNOG00000016705",2,"THC_O3_vs_VEH"
"ENSRNOG00000016725",2,"THC_O3_vs_VEH"
"ENSRNOG00000016779",3,"THC_O3_vs_VEH"
"ENSRNOG00000016813",2,"THC_O3_vs_VEH"
"ENSRNOG00000016885",2,"THC_O3_vs_VEH"
"ENSRNOG00000016948",2,"THC_O3_vs_VEH"
"ENSRNOG00000016952",1,"THC_O3_vs_VEH"
"ENSRNOG00000016961",1,"THC_O3_vs_VEH"
"ENSRNOG00000016974",1,"THC_O3_vs_VEH"
"ENSRNOG00000016976",3,"THC_O3_vs_VEH"
"ENSRNOG00000016984",2,"THC_O3_vs_VEH"
"ENSRNOG00000017017",3,"THC_O3_vs_VEH"
"ENSRNOG00000017057",2,"THC_O3_vs_VEH"
"ENSRNOG00000017075",3,"THC_O3_vs_VEH"
"ENSRNOG00000017127",1,"THC_O3_vs_VEH"
"ENSRNOG00000017150",1,"THC_O3_vs_VEH"
"ENSRNOG00000017154",3,"THC_O3_vs_VEH"
"ENSRNOG00000017158",2,"THC_O3_vs_VEH"
"ENSRNOG00000017198",3,"THC_O3_vs_VEH"
"ENSRNOG00000017225",3,"THC_O3_vs_VEH"
"ENSRNOG00000017230",3,"THC_O3_vs_VEH"
"ENSRNOG00000017284",1,"THC_O3_vs_VEH"
"ENSRNOG00000017295",1,"THC_O3_vs_VEH"
"ENSRNOG00000017340",1,"THC_O3_vs_VEH"
"ENSRNOG00000017352",1,"THC_O3_vs_VEH"
"ENSRNOG00000017419",2,"THC_O3_vs_VEH"
"ENSRNOG00000017434",3,"THC_O3_vs_VEH"
"ENSRNOG00000017441",2,"THC_O3_vs_VEH"
"ENSRNOG00000017446",1,"THC_O3_vs_VEH"
"ENSRNOG00000017460",1,"THC_O3_vs_VEH"
"ENSRNOG00000017466",2,"THC_O3_vs_VEH"
"ENSRNOG00000017491",2,"THC_O3_vs_VEH"
"ENSRNOG00000017494",1,"THC_O3_vs_VEH"
"ENSRNOG00000017506",1,"THC_O3_vs_VEH"
"ENSRNOG00000017552",1,"THC_O3_vs_VEH"
"ENSRNOG00000017642",2,"THC_O3_vs_VEH"
"ENSRNOG00000017660",3,"THC_O3_vs_VEH"
"ENSRNOG00000017663",1,"THC_O3_vs_VEH"
"ENSRNOG00000017669",2,"THC_O3_vs_VEH"
"ENSRNOG00000017724",2,"THC_O3_vs_VEH"
"ENSRNOG00000017787",2,"THC_O3_vs_VEH"
"ENSRNOG00000017801",1,"THC_O3_vs_VEH"
"ENSRNOG00000017817",1,"THC_O3_vs_VEH"
"ENSRNOG00000017826",2,"THC_O3_vs_VEH"
"ENSRNOG00000017836",1,"THC_O3_vs_VEH"
"ENSRNOG00000017864",3,"THC_O3_vs_VEH"
"ENSRNOG00000017904",1,"THC_O3_vs_VEH"
"ENSRNOG00000017925",2,"THC_O3_vs_VEH"
"ENSRNOG00000017955",1,"THC_O3_vs_VEH"
"ENSRNOG00000017990",2,"THC_O3_vs_VEH"
"ENSRNOG00000018007",1,"THC_O3_vs_VEH"
"ENSRNOG00000018011",2,"THC_O3_vs_VEH"
"ENSRNOG00000018012",3,"THC_O3_vs_VEH"
"ENSRNOG00000018040",1,"THC_O3_vs_VEH"
"ENSRNOG00000018057",1,"THC_O3_vs_VEH"
"ENSRNOG00000018069",1,"THC_O3_vs_VEH"
"ENSRNOG00000018095",1,"THC_O3_vs_VEH"
"ENSRNOG00000018132",2,"THC_O3_vs_VEH"
"ENSRNOG00000018183",2,"THC_O3_vs_VEH"
"ENSRNOG00000018212",1,"THC_O3_vs_VEH"
"ENSRNOG00000018251",3,"THC_O3_vs_VEH"
"ENSRNOG00000018289",1,"THC_O3_vs_VEH"
"ENSRNOG00000018317",3,"THC_O3_vs_VEH"
"ENSRNOG00000018326",1,"THC_O3_vs_VEH"
"ENSRNOG00000018372",2,"THC_O3_vs_VEH"
"ENSRNOG00000018382",3,"THC_O3_vs_VEH"
"ENSRNOG00000018387",2,"THC_O3_vs_VEH"
"ENSRNOG00000018406",2,"THC_O3_vs_VEH"
"ENSRNOG00000018471",1,"THC_O3_vs_VEH"
"ENSRNOG00000018477",3,"THC_O3_vs_VEH"
"ENSRNOG00000018491",1,"THC_O3_vs_VEH"
"ENSRNOG00000018510",1,"THC_O3_vs_VEH"
"ENSRNOG00000018549",2,"THC_O3_vs_VEH"
"ENSRNOG00000018552",1,"THC_O3_vs_VEH"
"ENSRNOG00000018610",1,"THC_O3_vs_VEH"
"ENSRNOG00000018615",1,"THC_O3_vs_VEH"
"ENSRNOG00000018645",1,"THC_O3_vs_VEH"
"ENSRNOG00000018653",1,"THC_O3_vs_VEH"
"ENSRNOG00000018671",1,"THC_O3_vs_VEH"
"ENSRNOG00000018698",2,"THC_O3_vs_VEH"
"ENSRNOG00000018760",3,"THC_O3_vs_VEH"
"ENSRNOG00000018774",1,"THC_O3_vs_VEH"
"ENSRNOG00000018781",1,"THC_O3_vs_VEH"
"ENSRNOG00000018782",1,"THC_O3_vs_VEH"
"ENSRNOG00000018791",1,"THC_O3_vs_VEH"
"ENSRNOG00000018795",1,"THC_O3_vs_VEH"
"ENSRNOG00000018803",2,"THC_O3_vs_VEH"
"ENSRNOG00000018829",1,"THC_O3_vs_VEH"
"ENSRNOG00000018835",3,"THC_O3_vs_VEH"
"ENSRNOG00000018915",1,"THC_O3_vs_VEH"
"ENSRNOG00000018916",1,"THC_O3_vs_VEH"
"ENSRNOG00000018932",1,"THC_O3_vs_VEH"
"ENSRNOG00000018936",2,"THC_O3_vs_VEH"
"ENSRNOG00000018945",1,"THC_O3_vs_VEH"
"ENSRNOG00000018946",2,"THC_O3_vs_VEH"
"ENSRNOG00000018962",1,"THC_O3_vs_VEH"
"ENSRNOG00000018967",2,"THC_O3_vs_VEH"
"ENSRNOG00000019007",1,"THC_O3_vs_VEH"
"ENSRNOG00000019022",1,"THC_O3_vs_VEH"
"ENSRNOG00000019063",2,"THC_O3_vs_VEH"
"ENSRNOG00000019087",1,"THC_O3_vs_VEH"
"ENSRNOG00000019109",1,"THC_O3_vs_VEH"
"ENSRNOG00000019178",1,"THC_O3_vs_VEH"
"ENSRNOG00000019189",2,"THC_O3_vs_VEH"
"ENSRNOG00000019221",1,"THC_O3_vs_VEH"
"ENSRNOG00000019236",1,"THC_O3_vs_VEH"
"ENSRNOG00000019264",1,"THC_O3_vs_VEH"
"ENSRNOG00000019288",2,"THC_O3_vs_VEH"
"ENSRNOG00000019298",2,"THC_O3_vs_VEH"
"ENSRNOG00000019352",1,"THC_O3_vs_VEH"
"ENSRNOG00000019363",1,"THC_O3_vs_VEH"
"ENSRNOG00000019384",1,"THC_O3_vs_VEH"
"ENSRNOG00000019442",1,"THC_O3_vs_VEH"
"ENSRNOG00000019459",1,"THC_O3_vs_VEH"
"ENSRNOG00000019465",2,"THC_O3_vs_VEH"
"ENSRNOG00000019466",1,"THC_O3_vs_VEH"
"ENSRNOG00000019494",1,"THC_O3_vs_VEH"
"ENSRNOG00000019511",1,"THC_O3_vs_VEH"
"ENSRNOG00000019525",2,"THC_O3_vs_VEH"
"ENSRNOG00000019549",2,"THC_O3_vs_VEH"
"ENSRNOG00000019552",1,"THC_O3_vs_VEH"
"ENSRNOG00000019572",1,"THC_O3_vs_VEH"
"ENSRNOG00000019574",1,"THC_O3_vs_VEH"
"ENSRNOG00000019579",2,"THC_O3_vs_VEH"
"ENSRNOG00000019620",1,"THC_O3_vs_VEH"
"ENSRNOG00000019655",1,"THC_O3_vs_VEH"
"ENSRNOG00000019666",1,"THC_O3_vs_VEH"
"ENSRNOG00000019682",1,"THC_O3_vs_VEH"
"ENSRNOG00000019702",1,"THC_O3_vs_VEH"
"ENSRNOG00000019749",1,"THC_O3_vs_VEH"
"ENSRNOG00000019766",2,"THC_O3_vs_VEH"
"ENSRNOG00000019802",1,"THC_O3_vs_VEH"
"ENSRNOG00000019804",1,"THC_O3_vs_VEH"
"ENSRNOG00000019813",1,"THC_O3_vs_VEH"
"ENSRNOG00000019875",2,"THC_O3_vs_VEH"
"ENSRNOG00000019908",1,"THC_O3_vs_VEH"
"ENSRNOG00000019922",1,"THC_O3_vs_VEH"
"ENSRNOG00000019931",3,"THC_O3_vs_VEH"
"ENSRNOG00000019932",2,"THC_O3_vs_VEH"
"ENSRNOG00000019936",1,"THC_O3_vs_VEH"
"ENSRNOG00000019948",3,"THC_O3_vs_VEH"
"ENSRNOG00000019949",1,"THC_O3_vs_VEH"
"ENSRNOG00000019987",1,"THC_O3_vs_VEH"
"ENSRNOG00000020117",1,"THC_O3_vs_VEH"
"ENSRNOG00000020233",1,"THC_O3_vs_VEH"
"ENSRNOG00000020284",3,"THC_O3_vs_VEH"
"ENSRNOG00000020289",1,"THC_O3_vs_VEH"
"ENSRNOG00000020296",1,"THC_O3_vs_VEH"
"ENSRNOG00000020300",1,"THC_O3_vs_VEH"
"ENSRNOG00000020302",3,"THC_O3_vs_VEH"
"ENSRNOG00000020350",2,"THC_O3_vs_VEH"
"ENSRNOG00000020354",1,"THC_O3_vs_VEH"
"ENSRNOG00000020356",2,"THC_O3_vs_VEH"
"ENSRNOG00000020358",1,"THC_O3_vs_VEH"
"ENSRNOG00000020384",2,"THC_O3_vs_VEH"
"ENSRNOG00000020415",1,"THC_O3_vs_VEH"
"ENSRNOG00000020442",1,"THC_O3_vs_VEH"
"ENSRNOG00000020464",1,"THC_O3_vs_VEH"
"ENSRNOG00000020468",3,"THC_O3_vs_VEH"
"ENSRNOG00000020474",1,"THC_O3_vs_VEH"
"ENSRNOG00000020486",1,"THC_O3_vs_VEH"
"ENSRNOG00000020495",1,"THC_O3_vs_VEH"
"ENSRNOG00000020506",3,"THC_O3_vs_VEH"
"ENSRNOG00000020532",1,"THC_O3_vs_VEH"
"ENSRNOG00000020595",1,"THC_O3_vs_VEH"
"ENSRNOG00000020602",1,"THC_O3_vs_VEH"
"ENSRNOG00000020618",1,"THC_O3_vs_VEH"
"ENSRNOG00000020624",3,"THC_O3_vs_VEH"
"ENSRNOG00000020635",1,"THC_O3_vs_VEH"
"ENSRNOG00000020660",1,"THC_O3_vs_VEH"
"ENSRNOG00000020676",1,"THC_O3_vs_VEH"
"ENSRNOG00000020689",3,"THC_O3_vs_VEH"
"ENSRNOG00000020694",3,"THC_O3_vs_VEH"
"ENSRNOG00000020769",2,"THC_O3_vs_VEH"
"ENSRNOG00000020791",1,"THC_O3_vs_VEH"
"ENSRNOG00000020807",3,"THC_O3_vs_VEH"
"ENSRNOG00000020894",1,"THC_O3_vs_VEH"
"ENSRNOG00000020929",1,"THC_O3_vs_VEH"
"ENSRNOG00000020941",1,"THC_O3_vs_VEH"
"ENSRNOG00000020946",1,"THC_O3_vs_VEH"
"ENSRNOG00000020982",1,"THC_O3_vs_VEH"
"ENSRNOG00000021010",1,"THC_O3_vs_VEH"
"ENSRNOG00000021035",1,"THC_O3_vs_VEH"
"ENSRNOG00000021081",1,"THC_O3_vs_VEH"
"ENSRNOG00000021092",1,"THC_O3_vs_VEH"
"ENSRNOG00000021095",1,"THC_O3_vs_VEH"
"ENSRNOG00000021105",3,"THC_O3_vs_VEH"
"ENSRNOG00000021132",1,"THC_O3_vs_VEH"
"ENSRNOG00000021151",1,"THC_O3_vs_VEH"
"ENSRNOG00000021224",1,"THC_O3_vs_VEH"
"ENSRNOG00000021231",3,"THC_O3_vs_VEH"
"ENSRNOG00000021237",3,"THC_O3_vs_VEH"
"ENSRNOG00000021265",3,"THC_O3_vs_VEH"
"ENSRNOG00000021292",2,"THC_O3_vs_VEH"
"ENSRNOG00000021330",2,"THC_O3_vs_VEH"
"ENSRNOG00000021384",3,"THC_O3_vs_VEH"
"ENSRNOG00000021399",1,"THC_O3_vs_VEH"
"ENSRNOG00000021437",3,"THC_O3_vs_VEH"
"ENSRNOG00000021442",1,"THC_O3_vs_VEH"
"ENSRNOG00000021478",1,"THC_O3_vs_VEH"
"ENSRNOG00000021569",2,"THC_O3_vs_VEH"
"ENSRNOG00000021581",2,"THC_O3_vs_VEH"
"ENSRNOG00000021615",1,"THC_O3_vs_VEH"
"ENSRNOG00000021681",2,"THC_O3_vs_VEH"
"ENSRNOG00000021787",2,"THC_O3_vs_VEH"
"ENSRNOG00000021866",1,"THC_O3_vs_VEH"
"ENSRNOG00000021904",3,"THC_O3_vs_VEH"
"ENSRNOG00000021954",2,"THC_O3_vs_VEH"
"ENSRNOG00000022039",3,"THC_O3_vs_VEH"
"ENSRNOG00000022153",1,"THC_O3_vs_VEH"
"ENSRNOG00000022234",1,"THC_O3_vs_VEH"
"ENSRNOG00000022249",2,"THC_O3_vs_VEH"
"ENSRNOG00000022260",3,"THC_O3_vs_VEH"
"ENSRNOG00000022288",3,"THC_O3_vs_VEH"
"ENSRNOG00000022289",1,"THC_O3_vs_VEH"
"ENSRNOG00000022309",3,"THC_O3_vs_VEH"
"ENSRNOG00000022593",3,"THC_O3_vs_VEH"
"ENSRNOG00000022657",1,"THC_O3_vs_VEH"
"ENSRNOG00000022712",3,"THC_O3_vs_VEH"
"ENSRNOG00000022812",2,"THC_O3_vs_VEH"
"ENSRNOG00000022852",3,"THC_O3_vs_VEH"
"ENSRNOG00000022894",2,"THC_O3_vs_VEH"
"ENSRNOG00000023020",1,"THC_O3_vs_VEH"
"ENSRNOG00000023021",2,"THC_O3_vs_VEH"
"ENSRNOG00000023079",2,"THC_O3_vs_VEH"
"ENSRNOG00000023262",1,"THC_O3_vs_VEH"
"ENSRNOG00000023280",2,"THC_O3_vs_VEH"
"ENSRNOG00000023344",1,"THC_O3_vs_VEH"
"ENSRNOG00000023385",1,"THC_O3_vs_VEH"
"ENSRNOG00000023467",2,"THC_O3_vs_VEH"
"ENSRNOG00000023494",1,"THC_O3_vs_VEH"
"ENSRNOG00000023764",1,"THC_O3_vs_VEH"
"ENSRNOG00000024019",3,"THC_O3_vs_VEH"
"ENSRNOG00000024089",3,"THC_O3_vs_VEH"
"ENSRNOG00000024101",3,"THC_O3_vs_VEH"
"ENSRNOG00000024112",3,"THC_O3_vs_VEH"
"ENSRNOG00000024114",3,"THC_O3_vs_VEH"
"ENSRNOG00000024140",1,"THC_O3_vs_VEH"
"ENSRNOG00000024194",2,"THC_O3_vs_VEH"
"ENSRNOG00000024201",2,"THC_O3_vs_VEH"
"ENSRNOG00000024239",1,"THC_O3_vs_VEH"
"ENSRNOG00000024272",3,"THC_O3_vs_VEH"
"ENSRNOG00000024372",2,"THC_O3_vs_VEH"
"ENSRNOG00000024492",2,"THC_O3_vs_VEH"
"ENSRNOG00000024497",1,"THC_O3_vs_VEH"
"ENSRNOG00000024525",2,"THC_O3_vs_VEH"
"ENSRNOG00000024535",3,"THC_O3_vs_VEH"
"ENSRNOG00000024568",1,"THC_O3_vs_VEH"
"ENSRNOG00000024577",1,"THC_O3_vs_VEH"
"ENSRNOG00000024603",1,"THC_O3_vs_VEH"
"ENSRNOG00000024635",3,"THC_O3_vs_VEH"
"ENSRNOG00000024671",3,"THC_O3_vs_VEH"
"ENSRNOG00000024809",1,"THC_O3_vs_VEH"
"ENSRNOG00000024818",1,"THC_O3_vs_VEH"
"ENSRNOG00000024845",1,"THC_O3_vs_VEH"
"ENSRNOG00000024964",2,"THC_O3_vs_VEH"
"ENSRNOG00000024967",1,"THC_O3_vs_VEH"
"ENSRNOG00000025126",2,"THC_O3_vs_VEH"
"ENSRNOG00000025174",2,"THC_O3_vs_VEH"
"ENSRNOG00000025269",3,"THC_O3_vs_VEH"
"ENSRNOG00000025296",2,"THC_O3_vs_VEH"
"ENSRNOG00000025310",1,"THC_O3_vs_VEH"
"ENSRNOG00000025406",3,"THC_O3_vs_VEH"
"ENSRNOG00000025416",2,"THC_O3_vs_VEH"
"ENSRNOG00000025423",2,"THC_O3_vs_VEH"
"ENSRNOG00000025496",2,"THC_O3_vs_VEH"
"ENSRNOG00000025539",3,"THC_O3_vs_VEH"
"ENSRNOG00000025554",3,"THC_O3_vs_VEH"
"ENSRNOG00000025604",3,"THC_O3_vs_VEH"
"ENSRNOG00000025715",1,"THC_O3_vs_VEH"
"ENSRNOG00000025724",2,"THC_O3_vs_VEH"
"ENSRNOG00000025793",3,"THC_O3_vs_VEH"
"ENSRNOG00000025926",3,"THC_O3_vs_VEH"
"ENSRNOG00000025936",1,"THC_O3_vs_VEH"
"ENSRNOG00000025937",2,"THC_O3_vs_VEH"
"ENSRNOG00000025970",2,"THC_O3_vs_VEH"
"ENSRNOG00000026008",2,"THC_O3_vs_VEH"
"ENSRNOG00000026040",2,"THC_O3_vs_VEH"
"ENSRNOG00000026109",1,"THC_O3_vs_VEH"
"ENSRNOG00000026120",3,"THC_O3_vs_VEH"
"ENSRNOG00000026319",2,"THC_O3_vs_VEH"
"ENSRNOG00000026435",2,"THC_O3_vs_VEH"
"ENSRNOG00000026474",2,"THC_O3_vs_VEH"
"ENSRNOG00000026762",1,"THC_O3_vs_VEH"
"ENSRNOG00000026821",3,"THC_O3_vs_VEH"
"ENSRNOG00000026833",2,"THC_O3_vs_VEH"
"ENSRNOG00000026962",2,"THC_O3_vs_VEH"
"ENSRNOG00000026982",1,"THC_O3_vs_VEH"
"ENSRNOG00000027002",3,"THC_O3_vs_VEH"
"ENSRNOG00000027028",1,"THC_O3_vs_VEH"
"ENSRNOG00000027039",1,"THC_O3_vs_VEH"
"ENSRNOG00000027049",1,"THC_O3_vs_VEH"
"ENSRNOG00000027088",1,"THC_O3_vs_VEH"
"ENSRNOG00000027152",3,"THC_O3_vs_VEH"
"ENSRNOG00000027191",3,"THC_O3_vs_VEH"
"ENSRNOG00000027250",2,"THC_O3_vs_VEH"
"ENSRNOG00000027317",2,"THC_O3_vs_VEH"
"ENSRNOG00000027436",2,"THC_O3_vs_VEH"
"ENSRNOG00000027447",2,"THC_O3_vs_VEH"
"ENSRNOG00000027503",1,"THC_O3_vs_VEH"
"ENSRNOG00000027514",1,"THC_O3_vs_VEH"
"ENSRNOG00000027722",1,"THC_O3_vs_VEH"
"ENSRNOG00000027728",2,"THC_O3_vs_VEH"
"ENSRNOG00000027923",2,"THC_O3_vs_VEH"
"ENSRNOG00000027924",3,"THC_O3_vs_VEH"
"ENSRNOG00000027990",1,"THC_O3_vs_VEH"
"ENSRNOG00000028166",1,"THC_O3_vs_VEH"
"ENSRNOG00000028176",3,"THC_O3_vs_VEH"
"ENSRNOG00000028208",2,"THC_O3_vs_VEH"
"ENSRNOG00000028215",3,"THC_O3_vs_VEH"
"ENSRNOG00000028227",2,"THC_O3_vs_VEH"
"ENSRNOG00000028236",1,"THC_O3_vs_VEH"
"ENSRNOG00000028358",3,"THC_O3_vs_VEH"
"ENSRNOG00000028380",2,"THC_O3_vs_VEH"
"ENSRNOG00000028534",3,"THC_O3_vs_VEH"
"ENSRNOG00000028629",1,"THC_O3_vs_VEH"
"ENSRNOG00000028717",1,"THC_O3_vs_VEH"
"ENSRNOG00000028765",3,"THC_O3_vs_VEH"
"ENSRNOG00000028910",2,"THC_O3_vs_VEH"
"ENSRNOG00000028956",1,"THC_O3_vs_VEH"
"ENSRNOG00000029043",2,"THC_O3_vs_VEH"
"ENSRNOG00000029078",1,"THC_O3_vs_VEH"
"ENSRNOG00000029220",2,"THC_O3_vs_VEH"
"ENSRNOG00000029235",3,"THC_O3_vs_VEH"
"ENSRNOG00000029339",1,"THC_O3_vs_VEH"
"ENSRNOG00000029360",2,"THC_O3_vs_VEH"
"ENSRNOG00000029510",3,"THC_O3_vs_VEH"
"ENSRNOG00000029592",2,"THC_O3_vs_VEH"
"ENSRNOG00000029788",3,"THC_O3_vs_VEH"
"ENSRNOG00000029875",1,"THC_O3_vs_VEH"
"ENSRNOG00000029910",2,"THC_O3_vs_VEH"
"ENSRNOG00000029912",1,"THC_O3_vs_VEH"
"ENSRNOG00000029941",1,"THC_O3_vs_VEH"
"ENSRNOG00000030109",2,"THC_O3_vs_VEH"
"ENSRNOG00000030157",2,"THC_O3_vs_VEH"
"ENSRNOG00000030213",3,"THC_O3_vs_VEH"
"ENSRNOG00000030291",1,"THC_O3_vs_VEH"
"ENSRNOG00000030314",2,"THC_O3_vs_VEH"
"ENSRNOG00000030408",1,"THC_O3_vs_VEH"
"ENSRNOG00000030680",2,"THC_O3_vs_VEH"
"ENSRNOG00000030704",2,"THC_O3_vs_VEH"
"ENSRNOG00000031022",1,"THC_O3_vs_VEH"
"ENSRNOG00000031041",1,"THC_O3_vs_VEH"
"ENSRNOG00000031097",1,"THC_O3_vs_VEH"
"ENSRNOG00000031127",1,"THC_O3_vs_VEH"
"ENSRNOG00000031244",1,"THC_O3_vs_VEH"
"ENSRNOG00000031315",1,"THC_O3_vs_VEH"
"ENSRNOG00000031368",1,"THC_O3_vs_VEH"
"ENSRNOG00000031431",1,"THC_O3_vs_VEH"
"ENSRNOG00000031495",3,"THC_O3_vs_VEH"
"ENSRNOG00000031579",1,"THC_O3_vs_VEH"
"ENSRNOG00000031834",1,"THC_O3_vs_VEH"
"ENSRNOG00000032070",2,"THC_O3_vs_VEH"
"ENSRNOG00000032232",1,"THC_O3_vs_VEH"
"ENSRNOG00000032391",2,"THC_O3_vs_VEH"
"ENSRNOG00000032414",3,"THC_O3_vs_VEH"
"ENSRNOG00000032441",2,"THC_O3_vs_VEH"
"ENSRNOG00000032585",1,"THC_O3_vs_VEH"
"ENSRNOG00000032605",1,"THC_O3_vs_VEH"
"ENSRNOG00000032630",1,"THC_O3_vs_VEH"
"ENSRNOG00000032780",1,"THC_O3_vs_VEH"
"ENSRNOG00000032803",1,"THC_O3_vs_VEH"
"ENSRNOG00000032813",2,"THC_O3_vs_VEH"
"ENSRNOG00000033169",3,"THC_O3_vs_VEH"
"ENSRNOG00000033346",1,"THC_O3_vs_VEH"
"ENSRNOG00000033397",3,"THC_O3_vs_VEH"
"ENSRNOG00000033473",1,"THC_O3_vs_VEH"
"ENSRNOG00000033498",1,"THC_O3_vs_VEH"
"ENSRNOG00000033568",3,"THC_O3_vs_VEH"
"ENSRNOG00000033573",3,"THC_O3_vs_VEH"
"ENSRNOG00000033611",1,"THC_O3_vs_VEH"
"ENSRNOG00000033916",1,"THC_O3_vs_VEH"
"ENSRNOG00000033942",3,"THC_O3_vs_VEH"
"ENSRNOG00000034013",3,"THC_O3_vs_VEH"
"ENSRNOG00000034022",2,"THC_O3_vs_VEH"
"ENSRNOG00000034107",1,"THC_O3_vs_VEH"
"ENSRNOG00000034161",1,"THC_O3_vs_VEH"
"ENSRNOG00000034180",1,"THC_O3_vs_VEH"
"ENSRNOG00000034233",2,"THC_O3_vs_VEH"
"ENSRNOG00000034269",2,"THC_O3_vs_VEH"
"ENSRNOG00000036598",3,"THC_O3_vs_VEH"
"ENSRNOG00000036671",1,"THC_O3_vs_VEH"
"ENSRNOG00000036678",1,"THC_O3_vs_VEH"
"ENSRNOG00000036686",1,"THC_O3_vs_VEH"
"ENSRNOG00000036688",1,"THC_O3_vs_VEH"
"ENSRNOG00000036693",1,"THC_O3_vs_VEH"
"ENSRNOG00000036695",1,"THC_O3_vs_VEH"
"ENSRNOG00000036814",3,"THC_O3_vs_VEH"
"ENSRNOG00000036894",1,"THC_O3_vs_VEH"
"ENSRNOG00000037227",3,"THC_O3_vs_VEH"
"ENSRNOG00000037604",2,"THC_O3_vs_VEH"
"ENSRNOG00000037765",3,"THC_O3_vs_VEH"
"ENSRNOG00000037894",3,"THC_O3_vs_VEH"
"ENSRNOG00000038459",3,"THC_O3_vs_VEH"
"ENSRNOG00000038597",3,"THC_O3_vs_VEH"
"ENSRNOG00000038902",1,"THC_O3_vs_VEH"
"ENSRNOG00000038951",1,"THC_O3_vs_VEH"
"ENSRNOG00000039091",2,"THC_O3_vs_VEH"
"ENSRNOG00000039233",3,"THC_O3_vs_VEH"
"ENSRNOG00000039241",2,"THC_O3_vs_VEH"
"ENSRNOG00000039249",1,"THC_O3_vs_VEH"
"ENSRNOG00000039265",1,"THC_O3_vs_VEH"
"ENSRNOG00000039297",1,"THC_O3_vs_VEH"
"ENSRNOG00000039417",1,"THC_O3_vs_VEH"
"ENSRNOG00000039463",2,"THC_O3_vs_VEH"
"ENSRNOG00000039587",2,"THC_O3_vs_VEH"
"ENSRNOG00000039717",3,"THC_O3_vs_VEH"
"ENSRNOG00000039837",3,"THC_O3_vs_VEH"
"ENSRNOG00000039871",1,"THC_O3_vs_VEH"
"ENSRNOG00000039877",1,"THC_O3_vs_VEH"
"ENSRNOG00000040273",1,"THC_O3_vs_VEH"
"ENSRNOG00000041449",3,"THC_O3_vs_VEH"
"ENSRNOG00000042126",1,"THC_O3_vs_VEH"
"ENSRNOG00000042229",1,"THC_O3_vs_VEH"
"ENSRNOG00000042233",1,"THC_O3_vs_VEH"
"ENSRNOG00000042340",2,"THC_O3_vs_VEH"
"ENSRNOG00000042389",1,"THC_O3_vs_VEH"
"ENSRNOG00000042499",1,"THC_O3_vs_VEH"
"ENSRNOG00000042503",1,"THC_O3_vs_VEH"
"ENSRNOG00000042519",3,"THC_O3_vs_VEH"
"ENSRNOG00000042627",1,"THC_O3_vs_VEH"
"ENSRNOG00000042653",1,"THC_O3_vs_VEH"
"ENSRNOG00000042679",2,"THC_O3_vs_VEH"
"ENSRNOG00000042740",1,"THC_O3_vs_VEH"
"ENSRNOG00000042869",1,"THC_O3_vs_VEH"
"ENSRNOG00000042886",1,"THC_O3_vs_VEH"
"ENSRNOG00000042977",1,"THC_O3_vs_VEH"
"ENSRNOG00000043007",1,"THC_O3_vs_VEH"
"ENSRNOG00000043114",1,"THC_O3_vs_VEH"
"ENSRNOG00000043189",2,"THC_O3_vs_VEH"
"ENSRNOG00000043212",3,"THC_O3_vs_VEH"
"ENSRNOG00000043295",1,"THC_O3_vs_VEH"
"ENSRNOG00000043300",1,"THC_O3_vs_VEH"
"ENSRNOG00000043328",1,"THC_O3_vs_VEH"
"ENSRNOG00000043400",1,"THC_O3_vs_VEH"
"ENSRNOG00000043596",3,"THC_O3_vs_VEH"
"ENSRNOG00000045639",3,"THC_O3_vs_VEH"
"ENSRNOG00000045649",3,"THC_O3_vs_VEH"
"ENSRNOG00000045698",2,"THC_O3_vs_VEH"
"ENSRNOG00000045728",2,"THC_O3_vs_VEH"
"ENSRNOG00000045740",2,"THC_O3_vs_VEH"
"ENSRNOG00000045860",1,"THC_O3_vs_VEH"
"ENSRNOG00000045863",2,"THC_O3_vs_VEH"
"ENSRNOG00000045884",3,"THC_O3_vs_VEH"
"ENSRNOG00000045941",2,"THC_O3_vs_VEH"
"ENSRNOG00000046023",2,"THC_O3_vs_VEH"
"ENSRNOG00000046257",1,"THC_O3_vs_VEH"
"ENSRNOG00000046258",1,"THC_O3_vs_VEH"
"ENSRNOG00000046405",1,"THC_O3_vs_VEH"
"ENSRNOG00000046424",3,"THC_O3_vs_VEH"
"ENSRNOG00000046497",2,"THC_O3_vs_VEH"
"ENSRNOG00000046500",3,"THC_O3_vs_VEH"
"ENSRNOG00000046548",1,"THC_O3_vs_VEH"
"ENSRNOG00000046599",3,"THC_O3_vs_VEH"
"ENSRNOG00000046607",1,"THC_O3_vs_VEH"
"ENSRNOG00000046705",1,"THC_O3_vs_VEH"
"ENSRNOG00000046741",2,"THC_O3_vs_VEH"
"ENSRNOG00000046922",3,"THC_O3_vs_VEH"
"ENSRNOG00000046969",2,"THC_O3_vs_VEH"
"ENSRNOG00000046980",3,"THC_O3_vs_VEH"
"ENSRNOG00000047052",1,"THC_O3_vs_VEH"
"ENSRNOG00000047118",1,"THC_O3_vs_VEH"
"ENSRNOG00000047145",2,"THC_O3_vs_VEH"
"ENSRNOG00000047225",1,"THC_O3_vs_VEH"
"ENSRNOG00000047302",3,"THC_O3_vs_VEH"
"ENSRNOG00000047351",1,"THC_O3_vs_VEH"
"ENSRNOG00000047374",1,"THC_O3_vs_VEH"
"ENSRNOG00000047386",2,"THC_O3_vs_VEH"
"ENSRNOG00000047457",3,"THC_O3_vs_VEH"
"ENSRNOG00000047506",1,"THC_O3_vs_VEH"
"ENSRNOG00000047513",3,"THC_O3_vs_VEH"
"ENSRNOG00000047526",3,"THC_O3_vs_VEH"
"ENSRNOG00000047598",3,"THC_O3_vs_VEH"
"ENSRNOG00000047611",2,"THC_O3_vs_VEH"
"ENSRNOG00000047628",2,"THC_O3_vs_VEH"
"ENSRNOG00000047631",3,"THC_O3_vs_VEH"
"ENSRNOG00000047853",1,"THC_O3_vs_VEH"
"ENSRNOG00000047880",3,"THC_O3_vs_VEH"
"ENSRNOG00000047931",1,"THC_O3_vs_VEH"
"ENSRNOG00000047934",3,"THC_O3_vs_VEH"
"ENSRNOG00000048121",2,"THC_O3_vs_VEH"
"ENSRNOG00000048152",3,"THC_O3_vs_VEH"
"ENSRNOG00000048242",2,"THC_O3_vs_VEH"
"ENSRNOG00000048320",1,"THC_O3_vs_VEH"
"ENSRNOG00000048371",3,"THC_O3_vs_VEH"
"ENSRNOG00000048725",1,"THC_O3_vs_VEH"
"ENSRNOG00000048800",3,"THC_O3_vs_VEH"
"ENSRNOG00000048922",3,"THC_O3_vs_VEH"
"ENSRNOG00000048981",1,"THC_O3_vs_VEH"
"ENSRNOG00000049028",3,"THC_O3_vs_VEH"
"ENSRNOG00000049052",3,"THC_O3_vs_VEH"
"ENSRNOG00000049063",3,"THC_O3_vs_VEH"
"ENSRNOG00000049110",1,"THC_O3_vs_VEH"
"ENSRNOG00000049128",3,"THC_O3_vs_VEH"
"ENSRNOG00000049236",3,"THC_O3_vs_VEH"
"ENSRNOG00000049259",2,"THC_O3_vs_VEH"
"ENSRNOG00000049302",3,"THC_O3_vs_VEH"
"ENSRNOG00000049425",1,"THC_O3_vs_VEH"
"ENSRNOG00000049633",3,"THC_O3_vs_VEH"
"ENSRNOG00000049661",1,"THC_O3_vs_VEH"
"ENSRNOG00000049714",3,"THC_O3_vs_VEH"
"ENSRNOG00000049783",1,"THC_O3_vs_VEH"
"ENSRNOG00000049828",1,"THC_O3_vs_VEH"
"ENSRNOG00000049856",2,"THC_O3_vs_VEH"
"ENSRNOG00000049912",1,"THC_O3_vs_VEH"
"ENSRNOG00000049988",3,"THC_O3_vs_VEH"
"ENSRNOG00000050057",2,"THC_O3_vs_VEH"
"ENSRNOG00000050169",1,"THC_O3_vs_VEH"
"ENSRNOG00000050258",1,"THC_O3_vs_VEH"
"ENSRNOG00000050321",2,"THC_O3_vs_VEH"
"ENSRNOG00000050401",1,"THC_O3_vs_VEH"
"ENSRNOG00000050410",1,"THC_O3_vs_VEH"
"ENSRNOG00000050414",3,"THC_O3_vs_VEH"
"ENSRNOG00000050437",2,"THC_O3_vs_VEH"
"ENSRNOG00000050457",1,"THC_O3_vs_VEH"
"ENSRNOG00000050473",1,"THC_O3_vs_VEH"
"ENSRNOG00000050624",3,"THC_O3_vs_VEH"
"ENSRNOG00000050735",1,"THC_O3_vs_VEH"
"ENSRNOG00000050748",2,"THC_O3_vs_VEH"
"ENSRNOG00000050806",3,"THC_O3_vs_VEH"
"ENSRNOG00000050843",2,"THC_O3_vs_VEH"
"ENSRNOG00000050846",1,"THC_O3_vs_VEH"
"ENSRNOG00000050849",1,"THC_O3_vs_VEH"
"ENSRNOG00000050932",1,"THC_O3_vs_VEH"
"ENSRNOG00000051100",2,"THC_O3_vs_VEH"
"ENSRNOG00000051102",3,"THC_O3_vs_VEH"
"ENSRNOG00000051170",3,"THC_O3_vs_VEH"
"ENSRNOG00000051440",2,"THC_O3_vs_VEH"
"ENSRNOG00000051592",3,"THC_O3_vs_VEH"
"ENSRNOG00000051606",2,"THC_O3_vs_VEH"
"ENSRNOG00000051624",1,"THC_O3_vs_VEH"
"ENSRNOG00000051680",3,"THC_O3_vs_VEH"
"ENSRNOG00000051756",2,"THC_O3_vs_VEH"
"ENSRNOG00000051772",3,"THC_O3_vs_VEH"
"ENSRNOG00000051965",2,"THC_O3_vs_VEH"
"ENSRNOG00000052004",1,"THC_O3_vs_VEH"
"ENSRNOG00000052017",1,"THC_O3_vs_VEH"
"ENSRNOG00000052134",1,"THC_O3_vs_VEH"
"ENSRNOG00000052141",1,"THC_O3_vs_VEH"
"ENSRNOG00000052275",1,"THC_O3_vs_VEH"
"ENSRNOG00000052383",1,"THC_O3_vs_VEH"
"ENSRNOG00000052395",3,"THC_O3_vs_VEH"
"ENSRNOG00000052513",2,"THC_O3_vs_VEH"
"ENSRNOG00000052583",2,"THC_O3_vs_VEH"
"ENSRNOG00000052730",1,"THC_O3_vs_VEH"
"ENSRNOG00000052894",3,"THC_O3_vs_VEH"
"ENSRNOG00000053044",1,"THC_O3_vs_VEH"
"ENSRNOG00000053054",3,"THC_O3_vs_VEH"
"ENSRNOG00000053060",2,"THC_O3_vs_VEH"
"ENSRNOG00000053240",3,"THC_O3_vs_VEH"
"ENSRNOG00000053270",2,"THC_O3_vs_VEH"
"ENSRNOG00000053303",3,"THC_O3_vs_VEH"
"ENSRNOG00000053560",3,"THC_O3_vs_VEH"
"ENSRNOG00000053574",3,"THC_O3_vs_VEH"
"ENSRNOG00000053583",1,"THC_O3_vs_VEH"
"ENSRNOG00000053725",1,"THC_O3_vs_VEH"
"ENSRNOG00000053827",1,"THC_O3_vs_VEH"
"ENSRNOG00000053859",2,"THC_O3_vs_VEH"
"ENSRNOG00000053881",3,"THC_O3_vs_VEH"
"ENSRNOG00000053891",1,"THC_O3_vs_VEH"
"ENSRNOG00000053932",2,"THC_O3_vs_VEH"
"ENSRNOG00000053961",1,"THC_O3_vs_VEH"
"ENSRNOG00000053968",3,"THC_O3_vs_VEH"
"ENSRNOG00000054011",3,"THC_O3_vs_VEH"
"ENSRNOG00000054164",1,"THC_O3_vs_VEH"
"ENSRNOG00000054257",2,"THC_O3_vs_VEH"
"ENSRNOG00000054275",3,"THC_O3_vs_VEH"
"ENSRNOG00000054400",2,"THC_O3_vs_VEH"
"ENSRNOG00000054446",2,"THC_O3_vs_VEH"
"ENSRNOG00000054549",2,"THC_O3_vs_VEH"
"ENSRNOG00000054605",3,"THC_O3_vs_VEH"
"ENSRNOG00000054609",1,"THC_O3_vs_VEH"
"ENSRNOG00000054626",1,"THC_O3_vs_VEH"
"ENSRNOG00000054751",3,"THC_O3_vs_VEH"
"ENSRNOG00000054782",2,"THC_O3_vs_VEH"
"ENSRNOG00000054871",1,"THC_O3_vs_VEH"
"ENSRNOG00000054891",2,"THC_O3_vs_VEH"
"ENSRNOG00000054901",3,"THC_O3_vs_VEH"
"ENSRNOG00000054920",3,"THC_O3_vs_VEH"
"ENSRNOG00000055067",1,"THC_O3_vs_VEH"
"ENSRNOG00000055079",1,"THC_O3_vs_VEH"
"ENSRNOG00000055096",2,"THC_O3_vs_VEH"
"ENSRNOG00000055251",3,"THC_O3_vs_VEH"
"ENSRNOG00000055277",1,"THC_O3_vs_VEH"
"ENSRNOG00000055307",2,"THC_O3_vs_VEH"
"ENSRNOG00000055314",1,"THC_O3_vs_VEH"
"ENSRNOG00000055365",2,"THC_O3_vs_VEH"
"ENSRNOG00000055391",2,"THC_O3_vs_VEH"
"ENSRNOG00000055439",2,"THC_O3_vs_VEH"
"ENSRNOG00000055567",3,"THC_O3_vs_VEH"
"ENSRNOG00000056098",1,"THC_O3_vs_VEH"
"ENSRNOG00000056108",3,"THC_O3_vs_VEH"
"ENSRNOG00000056128",3,"THC_O3_vs_VEH"
"ENSRNOG00000056130",3,"THC_O3_vs_VEH"
"ENSRNOG00000056148",3,"THC_O3_vs_VEH"
"ENSRNOG00000056219",2,"THC_O3_vs_VEH"
"ENSRNOG00000056233",1,"THC_O3_vs_VEH"
"ENSRNOG00000056332",2,"THC_O3_vs_VEH"
"ENSRNOG00000056462",2,"THC_O3_vs_VEH"
"ENSRNOG00000056474",1,"THC_O3_vs_VEH"
"ENSRNOG00000056526",3,"THC_O3_vs_VEH"
"ENSRNOG00000056617",3,"THC_O3_vs_VEH"
"ENSRNOG00000056731",3,"THC_O3_vs_VEH"
"ENSRNOG00000056837",2,"THC_O3_vs_VEH"
"ENSRNOG00000056907",2,"THC_O3_vs_VEH"
"ENSRNOG00000056984",2,"THC_O3_vs_VEH"
"ENSRNOG00000057097",2,"THC_O3_vs_VEH"
"ENSRNOG00000057290",3,"THC_O3_vs_VEH"
"ENSRNOG00000057404",3,"THC_O3_vs_VEH"
"ENSRNOG00000057502",1,"THC_O3_vs_VEH"
"ENSRNOG00000057527",1,"THC_O3_vs_VEH"
"ENSRNOG00000057601",1,"THC_O3_vs_VEH"
"ENSRNOG00000057740",1,"THC_O3_vs_VEH"
"ENSRNOG00000057761",2,"THC_O3_vs_VEH"
"ENSRNOG00000057806",3,"THC_O3_vs_VEH"
"ENSRNOG00000057817",1,"THC_O3_vs_VEH"
"ENSRNOG00000057823",1,"THC_O3_vs_VEH"
"ENSRNOG00000057934",3,"THC_O3_vs_VEH"
"ENSRNOG00000057943",3,"THC_O3_vs_VEH"
"ENSRNOG00000058006",1,"THC_O3_vs_VEH"
"ENSRNOG00000058050",2,"THC_O3_vs_VEH"
"ENSRNOG00000058094",3,"THC_O3_vs_VEH"
"ENSRNOG00000058166",3,"THC_O3_vs_VEH"
"ENSRNOG00000058288",1,"THC_O3_vs_VEH"
"ENSRNOG00000058359",1,"THC_O3_vs_VEH"
"ENSRNOG00000058393",1,"THC_O3_vs_VEH"
"ENSRNOG00000058484",1,"THC_O3_vs_VEH"
"ENSRNOG00000058555",1,"THC_O3_vs_VEH"
"ENSRNOG00000058561",2,"THC_O3_vs_VEH"
"ENSRNOG00000058572",3,"THC_O3_vs_VEH"
"ENSRNOG00000058663",3,"THC_O3_vs_VEH"
"ENSRNOG00000058724",2,"THC_O3_vs_VEH"
"ENSRNOG00000058789",3,"THC_O3_vs_VEH"
"ENSRNOG00000058882",1,"THC_O3_vs_VEH"
"ENSRNOG00000059008",2,"THC_O3_vs_VEH"
"ENSRNOG00000059043",3,"THC_O3_vs_VEH"
"ENSRNOG00000059061",1,"THC_O3_vs_VEH"
"ENSRNOG00000059113",3,"THC_O3_vs_VEH"
"ENSRNOG00000059143",1,"THC_O3_vs_VEH"
"ENSRNOG00000059507",3,"THC_O3_vs_VEH"
"ENSRNOG00000059705",2,"THC_O3_vs_VEH"
"ENSRNOG00000059785",3,"THC_O3_vs_VEH"
"ENSRNOG00000059866",1,"THC_O3_vs_VEH"
"ENSRNOG00000059880",2,"THC_O3_vs_VEH"
"ENSRNOG00000059964",1,"THC_O3_vs_VEH"
"ENSRNOG00000060098",1,"THC_O3_vs_VEH"
"ENSRNOG00000060129",2,"THC_O3_vs_VEH"
"ENSRNOG00000060144",2,"THC_O3_vs_VEH"
"ENSRNOG00000060229",2,"THC_O3_vs_VEH"
"ENSRNOG00000060248",1,"THC_O3_vs_VEH"
"ENSRNOG00000060293",1,"THC_O3_vs_VEH"
"ENSRNOG00000060310",1,"THC_O3_vs_VEH"
"ENSRNOG00000060348",3,"THC_O3_vs_VEH"
"ENSRNOG00000060379",2,"THC_O3_vs_VEH"
"ENSRNOG00000060479",3,"THC_O3_vs_VEH"
"ENSRNOG00000060530",1,"THC_O3_vs_VEH"
"ENSRNOG00000060572",3,"THC_O3_vs_VEH"
"ENSRNOG00000060597",1,"THC_O3_vs_VEH"
"ENSRNOG00000060603",3,"THC_O3_vs_VEH"
"ENSRNOG00000060723",2,"THC_O3_vs_VEH"
"ENSRNOG00000060825",1,"THC_O3_vs_VEH"
"ENSRNOG00000060931",2,"THC_O3_vs_VEH"
"ENSRNOG00000060936",2,"THC_O3_vs_VEH"
"ENSRNOG00000061080",3,"THC_O3_vs_VEH"
"ENSRNOG00000061121",3,"THC_O3_vs_VEH"
"ENSRNOG00000061139",2,"THC_O3_vs_VEH"
"ENSRNOG00000061146",1,"THC_O3_vs_VEH"
"ENSRNOG00000061213",1,"THC_O3_vs_VEH"
"ENSRNOG00000061262",3,"THC_O3_vs_VEH"
"ENSRNOG00000061366",3,"THC_O3_vs_VEH"
"ENSRNOG00000061367",3,"THC_O3_vs_VEH"
"ENSRNOG00000061379",3,"THC_O3_vs_VEH"
"ENSRNOG00000061543",2,"THC_O3_vs_VEH"
"ENSRNOG00000061814",2,"THC_O3_vs_VEH"
"ENSRNOG00000061862",2,"THC_O3_vs_VEH"
"ENSRNOG00000061893",1,"THC_O3_vs_VEH"
"ENSRNOG00000062071",1,"THC_O3_vs_VEH"
"ENSRNOG00000002609",2,"THC_O3_vs_VEH_O3"
"ENSRNOG00000004479",1,"THC_O3_vs_VEH_O3"
"ENSRNOG00000008115",1,"THC_O3_vs_VEH_O3"
"ENSRNOG00000008256",1,"THC_O3_vs_VEH_O3"
"ENSRNOG00000012410",1,"THC_O3_vs_VEH_O3"
"ENSRNOG00000012512",1,"THC_O3_vs_VEH_O3"
"ENSRNOG00000015397",2,"THC_O3_vs_VEH_O3"
"ENSRNOG00000015411",1,"THC_O3_vs_VEH_O3"
"ENSRNOG00000015957",2,"THC_O3_vs_VEH_O3"
"ENSRNOG00000016294",2,"THC_O3_vs_VEH_O3"
"ENSRNOG00000018266",2,"THC_O3_vs_VEH_O3"
"ENSRNOG00000020434",2,"THC_O3_vs_VEH_O3"
"ENSRNOG00000021847",1,"THC_O3_vs_VEH_O3"
"ENSRNOG00000021945",1,"THC_O3_vs_VEH_O3"
"ENSRNOG00000023317",1,"THC_O3_vs_VEH_O3"
"ENSRNOG00000025121",2,"THC_O3_vs_VEH_O3"
"ENSRNOG00000028632",1,"THC_O3_vs_VEH_O3"
"ENSRNOG00000032300",1,"THC_O3_vs_VEH_O3"
"ENSRNOG00000039740",1,"THC_O3_vs_VEH_O3"
"ENSRNOG00000045967",1,"THC_O3_vs_VEH_O3"
"ENSRNOG00000046143",2,"THC_O3_vs_VEH_O3"
"ENSRNOG00000046254",2,"THC_O3_vs_VEH_O3"
"ENSRNOG00000059947",1,"THC_O3_vs_VEH_O3"
"ENSRNOG00000000133",2,"THC_vs_VEH"
"ENSRNOG00000000782",1,"THC_vs_VEH"
"ENSRNOG00000002659",1,"THC_vs_VEH"
"ENSRNOG00000002802",1,"THC_vs_VEH"
"ENSRNOG00000003443",1,"THC_vs_VEH"
"ENSRNOG00000003648",1,"THC_vs_VEH"
"ENSRNOG00000004772",1,"THC_vs_VEH"
"ENSRNOG00000006420",1,"THC_vs_VEH"
"ENSRNOG00000006545",2,"THC_vs_VEH"
"ENSRNOG00000006611",1,"THC_vs_VEH"
"ENSRNOG00000007047",1,"THC_vs_VEH"
"ENSRNOG00000007272",2,"THC_vs_VEH"
"ENSRNOG00000007350",1,"THC_vs_VEH"
"ENSRNOG00000008235",1,"THC_vs_VEH"
"ENSRNOG00000009436",1,"THC_vs_VEH"
"ENSRNOG00000010133",1,"THC_vs_VEH"
"ENSRNOG00000011582",1,"THC_vs_VEH"
"ENSRNOG00000012160",1,"THC_vs_VEH"
"ENSRNOG00000012475",1,"THC_vs_VEH"
"ENSRNOG00000012557",1,"THC_vs_VEH"
"ENSRNOG00000014915",1,"THC_vs_VEH"
"ENSRNOG00000015201",1,"THC_vs_VEH"
"ENSRNOG00000015903",1,"THC_vs_VEH"
"ENSRNOG00000017637",1,"THC_vs_VEH"
"ENSRNOG00000018181",1,"THC_vs_VEH"
"ENSRNOG00000018735",1,"THC_vs_VEH"
"ENSRNOG00000019183",1,"THC_vs_VEH"
"ENSRNOG00000020125",1,"THC_vs_VEH"
"ENSRNOG00000020505",1,"THC_vs_VEH"
"ENSRNOG00000020874",1,"THC_vs_VEH"
"ENSRNOG00000020875",1,"THC_vs_VEH"
"ENSRNOG00000022071",1,"THC_vs_VEH"
"ENSRNOG00000025448",1,"THC_vs_VEH"
"ENSRNOG00000025864",2,"THC_vs_VEH"
"ENSRNOG00000027767",1,"THC_vs_VEH"
"ENSRNOG00000032708",1,"THC_vs_VEH"
"ENSRNOG00000032844",1,"THC_vs_VEH"
"ENSRNOG00000033217",1,"THC_vs_VEH"
"ENSRNOG00000034164",1,"THC_vs_VEH"
"ENSRNOG00000036880",1,"THC_vs_VEH"
"ENSRNOG00000040109",1,"THC_vs_VEH"
"ENSRNOG00000050099",1,"THC_vs_VEH"
"ENSRNOG00000054986",1,"THC_vs_VEH"
"ENSRNOG00000057335",1,"THC_vs_VEH"
"ENSRNOG00000057901",1,"THC_vs_VEH"
"ENSRNOG00000058105",1,"THC_vs_VEH"
"ENSRNOG00000059266",1,"THC_vs_VEH"
"ENSRNOG00000059750",1,"THC_vs_VEH"
"ENSRNOG00000060338",1,"THC_vs_VEH"
"ENSRNOG00000000461",1,"THC_vs_VEH_O3"
"ENSRNOG00000000878",1,"THC_vs_VEH_O3"
"ENSRNOG00000000894",2,"THC_vs_VEH_O3"
"ENSRNOG00000000963",4,"THC_vs_VEH_O3"
"ENSRNOG00000001295",4,"THC_vs_VEH_O3"
"ENSRNOG00000001825",1,"THC_vs_VEH_O3"
"ENSRNOG00000002214",1,"THC_vs_VEH_O3"
"ENSRNOG00000003028",2,"THC_vs_VEH_O3"
"ENSRNOG00000003121",4,"THC_vs_VEH_O3"
"ENSRNOG00000003553",4,"THC_vs_VEH_O3"
"ENSRNOG00000003833",1,"THC_vs_VEH_O3"
"ENSRNOG00000004554",4,"THC_vs_VEH_O3"
"ENSRNOG00000005151",1,"THC_vs_VEH_O3"
"ENSRNOG00000005195",1,"THC_vs_VEH_O3"
"ENSRNOG00000005650",4,"THC_vs_VEH_O3"
"ENSRNOG00000005695",1,"THC_vs_VEH_O3"
"ENSRNOG00000005924",1,"THC_vs_VEH_O3"
"ENSRNOG00000007457",1,"THC_vs_VEH_O3"
"ENSRNOG00000007587",1,"THC_vs_VEH_O3"
"ENSRNOG00000008182",4,"THC_vs_VEH_O3"
"ENSRNOG00000008332",1,"THC_vs_VEH_O3"
"ENSRNOG00000008478",1,"THC_vs_VEH_O3"
"ENSRNOG00000009715",1,"THC_vs_VEH_O3"
"ENSRNOG00000009811",1,"THC_vs_VEH_O3"
"ENSRNOG00000010626",1,"THC_vs_VEH_O3"
"ENSRNOG00000010977",4,"THC_vs_VEH_O3"
"ENSRNOG00000010986",1,"THC_vs_VEH_O3"
"ENSRNOG00000011821",4,"THC_vs_VEH_O3"
"ENSRNOG00000012436",1,"THC_vs_VEH_O3"
"ENSRNOG00000012881",1,"THC_vs_VEH_O3"
"ENSRNOG00000013351",1,"THC_vs_VEH_O3"
"ENSRNOG00000014426",1,"THC_vs_VEH_O3"
"ENSRNOG00000014538",1,"THC_vs_VEH_O3"
"ENSRNOG00000014835",1,"THC_vs_VEH_O3"
"ENSRNOG00000015505",4,"THC_vs_VEH_O3"
"ENSRNOG00000016689",2,"THC_vs_VEH_O3"
"ENSRNOG00000017959",1,"THC_vs_VEH_O3"
"ENSRNOG00000018290",4,"THC_vs_VEH_O3"
"ENSRNOG00000018706",4,"THC_vs_VEH_O3"
"ENSRNOG00000018839",1,"THC_vs_VEH_O3"
"ENSRNOG00000018949",4,"THC_vs_VEH_O3"
"ENSRNOG00000019622",1,"THC_vs_VEH_O3"
"ENSRNOG00000019894",4,"THC_vs_VEH_O3"
"ENSRNOG00000020196",1,"THC_vs_VEH_O3"
"ENSRNOG00000020883",1,"THC_vs_VEH_O3"
"ENSRNOG00000023688",4,"THC_vs_VEH_O3"
"ENSRNOG00000023733",1,"THC_vs_VEH_O3"
"ENSRNOG00000025031",4,"THC_vs_VEH_O3"
"ENSRNOG00000026112",4,"THC_vs_VEH_O3"
"ENSRNOG00000026336",1,"THC_vs_VEH_O3"
"ENSRNOG00000028137",1,"THC_vs_VEH_O3"
"ENSRNOG00000028896",4,"THC_vs_VEH_O3"
"ENSRNOG00000029087",1,"THC_vs_VEH_O3"
"ENSRNOG00000031032",1,"THC_vs_VEH_O3"
"ENSRNOG00000042070",2,"THC_vs_VEH_O3"
"ENSRNOG00000048190",1,"THC_vs_VEH_O3"
"ENSRNOG00000050869",1,"THC_vs_VEH_O3"
"ENSRNOG00000051082",1,"THC_vs_VEH_O3"
"ENSRNOG00000054374",1,"THC_vs_VEH_O3"
"ENSRNOG00000055025",4,"THC_vs_VEH_O3"
"ENSRNOG00000056314",4,"THC_vs_VEH_O3"
"ENSRNOG00000058243",1,"THC_vs_VEH_O3"
"ENSRNOG00000058340",4,"THC_vs_VEH_O3"
"ENSRNOG00000060829",4,"THC_vs_VEH_O3"
"ENSRNOG00000000064",1,"VEH_O3_vs_VEH"
"ENSRNOG00000000127",2,"VEH_O3_vs_VEH"
"ENSRNOG00000000199",1,"VEH_O3_vs_VEH"
"ENSRNOG00000000593",2,"VEH_O3_vs_VEH"
"ENSRNOG00000000704",1,"VEH_O3_vs_VEH"
"ENSRNOG00000000866",2,"VEH_O3_vs_VEH"
"ENSRNOG00000000917",1,"VEH_O3_vs_VEH"
"ENSRNOG00000000921",1,"VEH_O3_vs_VEH"
"ENSRNOG00000001040",2,"VEH_O3_vs_VEH"
"ENSRNOG00000001098",2,"VEH_O3_vs_VEH"
"ENSRNOG00000001337",3,"VEH_O3_vs_VEH"
"ENSRNOG00000001397",2,"VEH_O3_vs_VEH"
"ENSRNOG00000001443",2,"VEH_O3_vs_VEH"
"ENSRNOG00000001480",1,"VEH_O3_vs_VEH"
"ENSRNOG00000001597",2,"VEH_O3_vs_VEH"
"ENSRNOG00000001724",3,"VEH_O3_vs_VEH"
"ENSRNOG00000001776",1,"VEH_O3_vs_VEH"
"ENSRNOG00000001808",2,"VEH_O3_vs_VEH"
"ENSRNOG00000001971",2,"VEH_O3_vs_VEH"
"ENSRNOG00000002074",3,"VEH_O3_vs_VEH"
"ENSRNOG00000002128",2,"VEH_O3_vs_VEH"
"ENSRNOG00000002343",1,"VEH_O3_vs_VEH"
"ENSRNOG00000002361",3,"VEH_O3_vs_VEH"
"ENSRNOG00000002368",2,"VEH_O3_vs_VEH"
"ENSRNOG00000002436",1,"VEH_O3_vs_VEH"
"ENSRNOG00000002469",3,"VEH_O3_vs_VEH"
"ENSRNOG00000002541",2,"VEH_O3_vs_VEH"
"ENSRNOG00000002792",4,"VEH_O3_vs_VEH"
"ENSRNOG00000002986",2,"VEH_O3_vs_VEH"
"ENSRNOG00000003158",1,"VEH_O3_vs_VEH"
"ENSRNOG00000003326",2,"VEH_O3_vs_VEH"
"ENSRNOG00000003643",3,"VEH_O3_vs_VEH"
"ENSRNOG00000003717",1,"VEH_O3_vs_VEH"
"ENSRNOG00000003901",1,"VEH_O3_vs_VEH"
"ENSRNOG00000004273",1,"VEH_O3_vs_VEH"
"ENSRNOG00000004367",1,"VEH_O3_vs_VEH"
"ENSRNOG00000004377",2,"VEH_O3_vs_VEH"
"ENSRNOG00000004382",2,"VEH_O3_vs_VEH"
"ENSRNOG00000004563",2,"VEH_O3_vs_VEH"
"ENSRNOG00000004588",2,"VEH_O3_vs_VEH"
"ENSRNOG00000004649",1,"VEH_O3_vs_VEH"
"ENSRNOG00000004760",2,"VEH_O3_vs_VEH"
"ENSRNOG00000004962",2,"VEH_O3_vs_VEH"
"ENSRNOG00000004973",2,"VEH_O3_vs_VEH"
"ENSRNOG00000004980",1,"VEH_O3_vs_VEH"
"ENSRNOG00000005130",2,"VEH_O3_vs_VEH"
"ENSRNOG00000005193",2,"VEH_O3_vs_VEH"
"ENSRNOG00000005203",1,"VEH_O3_vs_VEH"
"ENSRNOG00000005303",2,"VEH_O3_vs_VEH"
"ENSRNOG00000005698",1,"VEH_O3_vs_VEH"
"ENSRNOG00000005766",3,"VEH_O3_vs_VEH"
"ENSRNOG00000005823",2,"VEH_O3_vs_VEH"
"ENSRNOG00000005849",2,"VEH_O3_vs_VEH"
"ENSRNOG00000005902",1,"VEH_O3_vs_VEH"
"ENSRNOG00000005908",2,"VEH_O3_vs_VEH"
"ENSRNOG00000005998",3,"VEH_O3_vs_VEH"
"ENSRNOG00000006019",1,"VEH_O3_vs_VEH"
"ENSRNOG00000006048",2,"VEH_O3_vs_VEH"
"ENSRNOG00000006122",3,"VEH_O3_vs_VEH"
"ENSRNOG00000006419",1,"VEH_O3_vs_VEH"
"ENSRNOG00000006711",2,"VEH_O3_vs_VEH"
"ENSRNOG00000006868",2,"VEH_O3_vs_VEH"
"ENSRNOG00000006940",1,"VEH_O3_vs_VEH"
"ENSRNOG00000007387",3,"VEH_O3_vs_VEH"
"ENSRNOG00000007407",1,"VEH_O3_vs_VEH"
"ENSRNOG00000007475",1,"VEH_O3_vs_VEH"
"ENSRNOG00000007485",2,"VEH_O3_vs_VEH"
"ENSRNOG00000007515",2,"VEH_O3_vs_VEH"
"ENSRNOG00000007542",1,"VEH_O3_vs_VEH"
"ENSRNOG00000007916",2,"VEH_O3_vs_VEH"
"ENSRNOG00000008118",3,"VEH_O3_vs_VEH"
"ENSRNOG00000008141",1,"VEH_O3_vs_VEH"
"ENSRNOG00000008156",2,"VEH_O3_vs_VEH"
"ENSRNOG00000008271",2,"VEH_O3_vs_VEH"
"ENSRNOG00000008323",3,"VEH_O3_vs_VEH"
"ENSRNOG00000008431",1,"VEH_O3_vs_VEH"
"ENSRNOG00000008513",3,"VEH_O3_vs_VEH"
"ENSRNOG00000008678",3,"VEH_O3_vs_VEH"
"ENSRNOG00000008688",2,"VEH_O3_vs_VEH"
"ENSRNOG00000008689",2,"VEH_O3_vs_VEH"
"ENSRNOG00000008728",3,"VEH_O3_vs_VEH"
"ENSRNOG00000008862",3,"VEH_O3_vs_VEH"
"ENSRNOG00000009207",2,"VEH_O3_vs_VEH"
"ENSRNOG00000009240",1,"VEH_O3_vs_VEH"
"ENSRNOG00000009264",2,"VEH_O3_vs_VEH"
"ENSRNOG00000009281",1,"VEH_O3_vs_VEH"
"ENSRNOG00000009412",2,"VEH_O3_vs_VEH"
"ENSRNOG00000009739",2,"VEH_O3_vs_VEH"
"ENSRNOG00000009789",2,"VEH_O3_vs_VEH"
"ENSRNOG00000009930",2,"VEH_O3_vs_VEH"
"ENSRNOG00000009977",2,"VEH_O3_vs_VEH"
"ENSRNOG00000010109",3,"VEH_O3_vs_VEH"
"ENSRNOG00000010181",1,"VEH_O3_vs_VEH"
"ENSRNOG00000010282",1,"VEH_O3_vs_VEH"
"ENSRNOG00000010396",2,"VEH_O3_vs_VEH"
"ENSRNOG00000010417",3,"VEH_O3_vs_VEH"
"ENSRNOG00000010553",2,"VEH_O3_vs_VEH"
"ENSRNOG00000010556",3,"VEH_O3_vs_VEH"
"ENSRNOG00000010688",1,"VEH_O3_vs_VEH"
"ENSRNOG00000010807",1,"VEH_O3_vs_VEH"
"ENSRNOG00000010852",2,"VEH_O3_vs_VEH"
"ENSRNOG00000010855",1,"VEH_O3_vs_VEH"
"ENSRNOG00000010859",2,"VEH_O3_vs_VEH"
"ENSRNOG00000010892",2,"VEH_O3_vs_VEH"
"ENSRNOG00000011071",2,"VEH_O3_vs_VEH"
"ENSRNOG00000011205",1,"VEH_O3_vs_VEH"
"ENSRNOG00000011211",3,"VEH_O3_vs_VEH"
"ENSRNOG00000011387",3,"VEH_O3_vs_VEH"
"ENSRNOG00000011557",1,"VEH_O3_vs_VEH"
"ENSRNOG00000011619",2,"VEH_O3_vs_VEH"
"ENSRNOG00000011690",3,"VEH_O3_vs_VEH"
"ENSRNOG00000011696",2,"VEH_O3_vs_VEH"
"ENSRNOG00000011955",1,"VEH_O3_vs_VEH"
"ENSRNOG00000012081",1,"VEH_O3_vs_VEH"
"ENSRNOG00000012262",3,"VEH_O3_vs_VEH"
"ENSRNOG00000012271",2,"VEH_O3_vs_VEH"
"ENSRNOG00000012307",3,"VEH_O3_vs_VEH"
"ENSRNOG00000012521",3,"VEH_O3_vs_VEH"
"ENSRNOG00000012634",2,"VEH_O3_vs_VEH"
"ENSRNOG00000013177",3,"VEH_O3_vs_VEH"
"ENSRNOG00000013220",1,"VEH_O3_vs_VEH"
"ENSRNOG00000013305",2,"VEH_O3_vs_VEH"
"ENSRNOG00000013326",2,"VEH_O3_vs_VEH"
"ENSRNOG00000013395",1,"VEH_O3_vs_VEH"
"ENSRNOG00000013411",2,"VEH_O3_vs_VEH"
"ENSRNOG00000013570",3,"VEH_O3_vs_VEH"
"ENSRNOG00000013679",3,"VEH_O3_vs_VEH"
"ENSRNOG00000013774",2,"VEH_O3_vs_VEH"
"ENSRNOG00000013795",2,"VEH_O3_vs_VEH"
"ENSRNOG00000013841",2,"VEH_O3_vs_VEH"
"ENSRNOG00000013912",2,"VEH_O3_vs_VEH"
"ENSRNOG00000014099",1,"VEH_O3_vs_VEH"
"ENSRNOG00000014193",3,"VEH_O3_vs_VEH"
"ENSRNOG00000014270",1,"VEH_O3_vs_VEH"
"ENSRNOG00000014343",3,"VEH_O3_vs_VEH"
"ENSRNOG00000014616",2,"VEH_O3_vs_VEH"
"ENSRNOG00000014960",2,"VEH_O3_vs_VEH"
"ENSRNOG00000015196",3,"VEH_O3_vs_VEH"
"ENSRNOG00000015366",1,"VEH_O3_vs_VEH"
"ENSRNOG00000015389",2,"VEH_O3_vs_VEH"
"ENSRNOG00000015423",2,"VEH_O3_vs_VEH"
"ENSRNOG00000015670",3,"VEH_O3_vs_VEH"
"ENSRNOG00000015773",1,"VEH_O3_vs_VEH"
"ENSRNOG00000015822",3,"VEH_O3_vs_VEH"
"ENSRNOG00000015850",1,"VEH_O3_vs_VEH"
"ENSRNOG00000015970",2,"VEH_O3_vs_VEH"
"ENSRNOG00000016108",3,"VEH_O3_vs_VEH"
"ENSRNOG00000016224",3,"VEH_O3_vs_VEH"
"ENSRNOG00000016269",2,"VEH_O3_vs_VEH"
"ENSRNOG00000016576",2,"VEH_O3_vs_VEH"
"ENSRNOG00000016591",2,"VEH_O3_vs_VEH"
"ENSRNOG00000016620",2,"VEH_O3_vs_VEH"
"ENSRNOG00000016818",3,"VEH_O3_vs_VEH"
"ENSRNOG00000016945",1,"VEH_O3_vs_VEH"
"ENSRNOG00000016978",1,"VEH_O3_vs_VEH"
"ENSRNOG00000017250",1,"VEH_O3_vs_VEH"
"ENSRNOG00000017424",3,"VEH_O3_vs_VEH"
"ENSRNOG00000017571",1,"VEH_O3_vs_VEH"
"ENSRNOG00000017874",1,"VEH_O3_vs_VEH"
"ENSRNOG00000017879",3,"VEH_O3_vs_VEH"
"ENSRNOG00000017938",2,"VEH_O3_vs_VEH"
"ENSRNOG00000017988",2,"VEH_O3_vs_VEH"
"ENSRNOG00000018207",1,"VEH_O3_vs_VEH"
"ENSRNOG00000018224",1,"VEH_O3_vs_VEH"
"ENSRNOG00000018285",2,"VEH_O3_vs_VEH"
"ENSRNOG00000018322",2,"VEH_O3_vs_VEH"
"ENSRNOG00000018363",3,"VEH_O3_vs_VEH"
"ENSRNOG00000018475",2,"VEH_O3_vs_VEH"
"ENSRNOG00000018602",3,"VEH_O3_vs_VEH"
"ENSRNOG00000019100",2,"VEH_O3_vs_VEH"
"ENSRNOG00000019162",1,"VEH_O3_vs_VEH"
"ENSRNOG00000019430",1,"VEH_O3_vs_VEH"
"ENSRNOG00000019613",3,"VEH_O3_vs_VEH"
"ENSRNOG00000019670",2,"VEH_O3_vs_VEH"
"ENSRNOG00000019713",2,"VEH_O3_vs_VEH"
"ENSRNOG00000019716",1,"VEH_O3_vs_VEH"
"ENSRNOG00000019730",2,"VEH_O3_vs_VEH"
"ENSRNOG00000019742",2,"VEH_O3_vs_VEH"
"ENSRNOG00000019838",1,"VEH_O3_vs_VEH"
"ENSRNOG00000019848",1,"VEH_O3_vs_VEH"
"ENSRNOG00000019854",1,"VEH_O3_vs_VEH"
"ENSRNOG00000020030",2,"VEH_O3_vs_VEH"
"ENSRNOG00000020261",3,"VEH_O3_vs_VEH"
"ENSRNOG00000020346",1,"VEH_O3_vs_VEH"
"ENSRNOG00000020347",2,"VEH_O3_vs_VEH"
"ENSRNOG00000020430",2,"VEH_O3_vs_VEH"
"ENSRNOG00000020699",1,"VEH_O3_vs_VEH"
"ENSRNOG00000020845",1,"VEH_O3_vs_VEH"
"ENSRNOG00000020857",2,"VEH_O3_vs_VEH"
"ENSRNOG00000021079",1,"VEH_O3_vs_VEH"
"ENSRNOG00000021113",2,"VEH_O3_vs_VEH"
"ENSRNOG00000021134",3,"VEH_O3_vs_VEH"
"ENSRNOG00000021199",1,"VEH_O3_vs_VEH"
"ENSRNOG00000021250",3,"VEH_O3_vs_VEH"
"ENSRNOG00000021438",2,"VEH_O3_vs_VEH"
"ENSRNOG00000021644",1,"VEH_O3_vs_VEH"
"ENSRNOG00000021856",1,"VEH_O3_vs_VEH"
"ENSRNOG00000021871",2,"VEH_O3_vs_VEH"
"ENSRNOG00000021903",2,"VEH_O3_vs_VEH"
"ENSRNOG00000022141",2,"VEH_O3_vs_VEH"
"ENSRNOG00000022343",2,"VEH_O3_vs_VEH"
"ENSRNOG00000022491",3,"VEH_O3_vs_VEH"
"ENSRNOG00000022764",1,"VEH_O3_vs_VEH"
"ENSRNOG00000022791",3,"VEH_O3_vs_VEH"
"ENSRNOG00000022837",3,"VEH_O3_vs_VEH"
"ENSRNOG00000022839",1,"VEH_O3_vs_VEH"
"ENSRNOG00000022950",1,"VEH_O3_vs_VEH"
"ENSRNOG00000023065",1,"VEH_O3_vs_VEH"
"ENSRNOG00000023493",2,"VEH_O3_vs_VEH"
"ENSRNOG00000023837",2,"VEH_O3_vs_VEH"
"ENSRNOG00000024027",2,"VEH_O3_vs_VEH"
"ENSRNOG00000024135",2,"VEH_O3_vs_VEH"
"ENSRNOG00000024159",1,"VEH_O3_vs_VEH"
"ENSRNOG00000024241",2,"VEH_O3_vs_VEH"
"ENSRNOG00000024428",2,"VEH_O3_vs_VEH"
"ENSRNOG00000024482",2,"VEH_O3_vs_VEH"
"ENSRNOG00000024934",2,"VEH_O3_vs_VEH"
"ENSRNOG00000025030",2,"VEH_O3_vs_VEH"
"ENSRNOG00000025327",2,"VEH_O3_vs_VEH"
"ENSRNOG00000025651",2,"VEH_O3_vs_VEH"
"ENSRNOG00000025742",2,"VEH_O3_vs_VEH"
"ENSRNOG00000026067",4,"VEH_O3_vs_VEH"
"ENSRNOG00000026252",2,"VEH_O3_vs_VEH"
"ENSRNOG00000027791",1,"VEH_O3_vs_VEH"
"ENSRNOG00000027855",1,"VEH_O3_vs_VEH"
"ENSRNOG00000028015",1,"VEH_O3_vs_VEH"
"ENSRNOG00000028043",4,"VEH_O3_vs_VEH"
"ENSRNOG00000028501",2,"VEH_O3_vs_VEH"
"ENSRNOG00000028939",1,"VEH_O3_vs_VEH"
"ENSRNOG00000029172",1,"VEH_O3_vs_VEH"
"ENSRNOG00000029317",1,"VEH_O3_vs_VEH"
"ENSRNOG00000029394",3,"VEH_O3_vs_VEH"
"ENSRNOG00000029399",1,"VEH_O3_vs_VEH"
"ENSRNOG00000029805",3,"VEH_O3_vs_VEH"
"ENSRNOG00000030098",3,"VEH_O3_vs_VEH"
"ENSRNOG00000030237",1,"VEH_O3_vs_VEH"
"ENSRNOG00000030299",1,"VEH_O3_vs_VEH"
"ENSRNOG00000030364",1,"VEH_O3_vs_VEH"
"ENSRNOG00000030442",1,"VEH_O3_vs_VEH"
"ENSRNOG00000030683",2,"VEH_O3_vs_VEH"
"ENSRNOG00000030880",3,"VEH_O3_vs_VEH"
"ENSRNOG00000031003",2,"VEH_O3_vs_VEH"
"ENSRNOG00000031113",2,"VEH_O3_vs_VEH"
"ENSRNOG00000031174",2,"VEH_O3_vs_VEH"
"ENSRNOG00000031346",1,"VEH_O3_vs_VEH"
"ENSRNOG00000031506",1,"VEH_O3_vs_VEH"
"ENSRNOG00000031517",1,"VEH_O3_vs_VEH"
"ENSRNOG00000031641",1,"VEH_O3_vs_VEH"
"ENSRNOG00000031661",2,"VEH_O3_vs_VEH"
"ENSRNOG00000031743",1,"VEH_O3_vs_VEH"
"ENSRNOG00000031889",1,"VEH_O3_vs_VEH"
"ENSRNOG00000032132",1,"VEH_O3_vs_VEH"
"ENSRNOG00000032180",3,"VEH_O3_vs_VEH"
"ENSRNOG00000032401",1,"VEH_O3_vs_VEH"
"ENSRNOG00000032471",2,"VEH_O3_vs_VEH"
"ENSRNOG00000032492",3,"VEH_O3_vs_VEH"
"ENSRNOG00000032523",1,"VEH_O3_vs_VEH"
"ENSRNOG00000032546",2,"VEH_O3_vs_VEH"
"ENSRNOG00000032807",1,"VEH_O3_vs_VEH"
"ENSRNOG00000032882",1,"VEH_O3_vs_VEH"
"ENSRNOG00000033057",1,"VEH_O3_vs_VEH"
"ENSRNOG00000033100",1,"VEH_O3_vs_VEH"
"ENSRNOG00000033146",1,"VEH_O3_vs_VEH"
"ENSRNOG00000033152",1,"VEH_O3_vs_VEH"
"ENSRNOG00000033215",1,"VEH_O3_vs_VEH"
"ENSRNOG00000033274",1,"VEH_O3_vs_VEH"
"ENSRNOG00000033706",4,"VEH_O3_vs_VEH"
"ENSRNOG00000034007",3,"VEH_O3_vs_VEH"
"ENSRNOG00000034240",2,"VEH_O3_vs_VEH"
"ENSRNOG00000036592",2,"VEH_O3_vs_VEH"
"ENSRNOG00000036921",1,"VEH_O3_vs_VEH"
"ENSRNOG00000037206",2,"VEH_O3_vs_VEH"
"ENSRNOG00000037211",3,"VEH_O3_vs_VEH"
"ENSRNOG00000037402",1,"VEH_O3_vs_VEH"
"ENSRNOG00000037661",1,"VEH_O3_vs_VEH"
"ENSRNOG00000037897",1,"VEH_O3_vs_VEH"
"ENSRNOG00000039183",2,"VEH_O3_vs_VEH"
"ENSRNOG00000039496",1,"VEH_O3_vs_VEH"
"ENSRNOG00000039744",1,"VEH_O3_vs_VEH"
"ENSRNOG00000039783",1,"VEH_O3_vs_VEH"
"ENSRNOG00000040101",1,"VEH_O3_vs_VEH"
"ENSRNOG00000040303",1,"VEH_O3_vs_VEH"
"ENSRNOG00000041411",1,"VEH_O3_vs_VEH"
"ENSRNOG00000042560",2,"VEH_O3_vs_VEH"
"ENSRNOG00000042879",2,"VEH_O3_vs_VEH"
"ENSRNOG00000042905",1,"VEH_O3_vs_VEH"
"ENSRNOG00000043099",2,"VEH_O3_vs_VEH"
"ENSRNOG00000046383",1,"VEH_O3_vs_VEH"
"ENSRNOG00000046707",1,"VEH_O3_vs_VEH"
"ENSRNOG00000046836",1,"VEH_O3_vs_VEH"
"ENSRNOG00000047219",2,"VEH_O3_vs_VEH"
"ENSRNOG00000047356",3,"VEH_O3_vs_VEH"
"ENSRNOG00000047894",2,"VEH_O3_vs_VEH"
"ENSRNOG00000047988",1,"VEH_O3_vs_VEH"
"ENSRNOG00000048053",1,"VEH_O3_vs_VEH"
"ENSRNOG00000048411",2,"VEH_O3_vs_VEH"
"ENSRNOG00000048585",1,"VEH_O3_vs_VEH"
"ENSRNOG00000048891",2,"VEH_O3_vs_VEH"
"ENSRNOG00000049033",2,"VEH_O3_vs_VEH"
"ENSRNOG00000049105",1,"VEH_O3_vs_VEH"
"ENSRNOG00000049484",2,"VEH_O3_vs_VEH"
"ENSRNOG00000049489",3,"VEH_O3_vs_VEH"
"ENSRNOG00000050051",1,"VEH_O3_vs_VEH"
"ENSRNOG00000050155",4,"VEH_O3_vs_VEH"
"ENSRNOG00000050312",2,"VEH_O3_vs_VEH"
"ENSRNOG00000050552",2,"VEH_O3_vs_VEH"
"ENSRNOG00000050669",1,"VEH_O3_vs_VEH"
"ENSRNOG00000050868",2,"VEH_O3_vs_VEH"
"ENSRNOG00000051256",2,"VEH_O3_vs_VEH"
"ENSRNOG00000051310",1,"VEH_O3_vs_VEH"
"ENSRNOG00000051420",2,"VEH_O3_vs_VEH"
"ENSRNOG00000051801",3,"VEH_O3_vs_VEH"
"ENSRNOG00000051948",3,"VEH_O3_vs_VEH"
"ENSRNOG00000052013",1,"VEH_O3_vs_VEH"
"ENSRNOG00000052129",2,"VEH_O3_vs_VEH"
"ENSRNOG00000052167",2,"VEH_O3_vs_VEH"
"ENSRNOG00000052814",2,"VEH_O3_vs_VEH"
"ENSRNOG00000053025",1,"VEH_O3_vs_VEH"
"ENSRNOG00000053203",3,"VEH_O3_vs_VEH"
"ENSRNOG00000053210",2,"VEH_O3_vs_VEH"
"ENSRNOG00000053272",1,"VEH_O3_vs_VEH"
"ENSRNOG00000053300",3,"VEH_O3_vs_VEH"
"ENSRNOG00000053680",2,"VEH_O3_vs_VEH"
"ENSRNOG00000053875",2,"VEH_O3_vs_VEH"
"ENSRNOG00000054294",2,"VEH_O3_vs_VEH"
"ENSRNOG00000054438",3,"VEH_O3_vs_VEH"
"ENSRNOG00000054515",2,"VEH_O3_vs_VEH"
"ENSRNOG00000054840",1,"VEH_O3_vs_VEH"
"ENSRNOG00000054889",3,"VEH_O3_vs_VEH"
"ENSRNOG00000054957",4,"VEH_O3_vs_VEH"
"ENSRNOG00000055157",3,"VEH_O3_vs_VEH"
"ENSRNOG00000055241",2,"VEH_O3_vs_VEH"
"ENSRNOG00000055433",1,"VEH_O3_vs_VEH"
"ENSRNOG00000055766",3,"VEH_O3_vs_VEH"
"ENSRNOG00000056024",2,"VEH_O3_vs_VEH"
"ENSRNOG00000056041",2,"VEH_O3_vs_VEH"
"ENSRNOG00000056656",3,"VEH_O3_vs_VEH"
"ENSRNOG00000056721",2,"VEH_O3_vs_VEH"
"ENSRNOG00000057159",2,"VEH_O3_vs_VEH"
"ENSRNOG00000057677",1,"VEH_O3_vs_VEH"
"ENSRNOG00000058733",2,"VEH_O3_vs_VEH"
"ENSRNOG00000058847",1,"VEH_O3_vs_VEH"
"ENSRNOG00000060010",3,"VEH_O3_vs_VEH"
"ENSRNOG00000060449",1,"VEH_O3_vs_VEH"
"ENSRNOG00000060729",3,"VEH_O3_vs_VEH"
"ENSRNOG00000061441",1,"VEH_O3_vs_VEH"
"ENSRNOG00000061508",3,"VEH_O3_vs_VEH"
"ENSRNOG00000061844",3,"VEH_O3_vs_VEH"
"ENSRNOG00000061876",2,"VEH_O3_vs_VEH"
"ENSRNOG00000061991",1,"VEH_O3_vs_VEH"
